-- phpMyAdmin SQL Dump
-- version 3.2.4
-- http://www.phpmyadmin.net
--
-- Servidor: localhost
-- Tiempo de generación: 26-11-2013 a las 15:22:09
-- Versión del servidor: 5.1.41
-- Versión de PHP: 5.3.1

SET SQL_MODE="NO_AUTO_VALUE_ON_ZERO";


/*!40101 SET @OLD_CHARACTER_SET_CLIENT=@@CHARACTER_SET_CLIENT */;
/*!40101 SET @OLD_CHARACTER_SET_RESULTS=@@CHARACTER_SET_RESULTS */;
/*!40101 SET @OLD_COLLATION_CONNECTION=@@COLLATION_CONNECTION */;
/*!40101 SET NAMES utf8 */;

--
-- Base de datos: `bd_dto14`
--

-- --------------------------------------------------------

--
-- Estructura de tabla para la tabla `coordinadores`
--

CREATE TABLE IF NOT EXISTS `coordinadores` (
  `id_coord` int(11) NOT NULL AUTO_INCREMENT,
  `folio` varchar(6) NOT NULL,
  `seccion` varchar(3) NOT NULL,
  `coordinador` varchar(60) NOT NULL,
  `voto` int(1) NOT NULL,
  PRIMARY KEY (`id_coord`),
  UNIQUE KEY `coordinador` (`coordinador`)
) ENGINE=MyISAM  DEFAULT CHARSET=latin1 AUTO_INCREMENT=2 ;

--
-- Volcar la base de datos para la tabla `coordinadores`
--

INSERT INTO `coordinadores` (`id_coord`, `folio`, `seccion`, `coordinador`, `voto`) VALUES
(1, '', '', 'ACOSTA GARCIA HUGO', 1);

-- --------------------------------------------------------

--
-- Estructura de tabla para la tabla `jefes_manzana`
--

CREATE TABLE IF NOT EXISTS `jefes_manzana` (
  `id_jefe_manzana` int(11) NOT NULL AUTO_INCREMENT,
  `folio` varchar(6) NOT NULL,
  `seccion` varchar(3) NOT NULL,
  `jefe_manzana` varchar(60) NOT NULL,
  `voto` int(1) NOT NULL,
  `id_resp_seccion` int(11) NOT NULL,
  PRIMARY KEY (`id_jefe_manzana`),
  UNIQUE KEY `jefe_manzana` (`jefe_manzana`)
) ENGINE=MyISAM  DEFAULT CHARSET=latin1 AUTO_INCREMENT=416 ;

--
-- Volcar la base de datos para la tabla `jefes_manzana`
--

INSERT INTO `jefes_manzana` (`id_jefe_manzana`, `folio`, `seccion`, `jefe_manzana`, `voto`, `id_resp_seccion`) VALUES
(1, '', '', 'FLOR BARRON DAVILA', 0, 1),
(2, '', '', 'JUANA DE JESUS MACIAS HERNANDEZ', 0, 1),
(3, '', '', 'MA JUDITH XX GUZMAN', 0, 1),
(4, '', '', 'LETICIA ELIZABETH MARQUEZ GUZMAN', 0, 1),
(5, '', '', 'HORTENCIA FLORES CHAVEZ', 0, 1),
(6, '', '', 'CECILIA XX DIAZ', 0, 1),
(7, '', '', 'BEATRIZ ESPARZA ZAMBRANO', 0, 1),
(8, '', '', 'FERMINA MA ISABEL DE LUNA LOZANO', 0, 1),
(9, '', '', 'ALICIA CRUZ IBARRA', 0, 1),
(10, '', '', 'ZAHIRA EDUVIGES MORENO HERNANDEZ', 0, 1),
(11, '', '', 'ROSA ANGELICA CRUZ LOPEZ', 0, 1),
(12, '', '', 'MA DEL REFUGIO DE LIRA DOMINGUEZ', 0, 1),
(13, '', '', 'SANJUANA ANDRADE HERNANDEZ', 0, 1),
(14, '', '', 'MARIA GRISELDA MARTINEZ RODRIGUEZ', 0, 1),
(15, '', '', 'MERCEDES ROSALES GALLEGOS', 0, 1),
(16, '', '', 'MARTHA IRMA SAUCEDO MARQUEZ', 0, 1),
(17, '', '', 'ANGELICA FLORES ALVARADO', 0, 1),
(18, '', '', 'FABIOLA JUDITH MARQUEZ GUZMAN', 0, 1),
(19, '', '', 'GEOVANNA ELIZABETH DE LA CRUZ ADAME', 0, 1),
(20, '', '', 'MA TERESA ESQUIVEL HERRERA', 0, 1),
(21, '', '', 'LORENZA ARELLANO SANDOVAL', 0, 1),
(22, '', '', 'MARIA ALICIA CERROS GUEVARA', 0, 1),
(23, '', '', 'VERONICA SOLORZANO LOPEZ', 0, 1),
(24, '', '', 'JOSEFINA ROSALES AVALOS', 0, 1),
(25, '', '', 'MARIA DE SOCORRO CASTILLO MARTINEZ', 0, 1),
(26, '', '', 'ALICIA DIAZ DE LA CRUZ', 0, 1),
(27, '', '', 'RAQUEL XX GODOY', 0, 1),
(28, '', '', 'MA DE LOS ANGELES ORDAZ LIRA', 0, 1),
(29, '', '', 'MARTHA MARIANA VAZQUEZ SAUCEDO', 0, 1),
(30, '', '', 'AMALIA BOCANEGRA VAZQUEZ', 0, 1),
(31, '', '', 'JUANA MARIA RIOS CARRASCO', 0, 1),
(32, '', '', 'ROSA MARIA RUVALCABA CASTILLO', 0, 1),
(33, '', '', 'EZEQUIEL MARTINEZ RODRIGUEZ', 0, 1),
(34, '', '', 'LAURA ELENA NUNEZ HERRERA', 0, 1),
(35, '', '', 'MA DE JESUS ADAME GONZALEZ', 0, 1),
(36, '', '', 'MA DEL REFUGIO GARCIA LOPEZ', 0, 1),
(37, '', '', 'M CONSUELO ARELLANO ESPARZA', 0, 1),
(38, '', '', 'MARTHA ESPERANZA LOPEZ VARELA', 0, 1),
(39, '', '', 'LETICIA ELIZETH DAVILA CAMPOS', 0, 1),
(40, '', '', 'MA DE LOS ANGELES CASTA?EDA RODRIGUEZ', 0, 1),
(41, '', '', 'MA SANTOS PEDROZA MONREAL', 0, 1),
(42, '', '', 'CLAUDIA BERENICE LOPEZ MARTIN DEL CAMPO', 0, 1),
(43, '', '', 'CAROLINA PEDROZA HERNANDEZ', 0, 1),
(44, '', '', 'MA DEL REFUGIO HERNANDEZ PADILLA', 0, 1),
(45, '', '', 'MARIA DE JESUS LUEVANO CRUZ', 0, 1),
(46, '', '', 'ESPERANZA RAMIREZ FLORES', 0, 1),
(47, '', '', 'MA ELENA MEDINA COLORES', 0, 1),
(48, '', '', 'MA DE JESUS TELLEZ GALVEZ', 0, 1),
(49, '', '', 'PATRICIA GALLEGOS HERNANDEZ', 0, 1),
(50, '', '', 'SOFIA REYES MARTINEZ', 0, 2),
(51, '', '', 'MARIA DE LOS ANGELES REYES MINERO', 0, 2),
(52, '', '', 'DIEGO ALBERTO CERVANTES RIVERA', 0, 2),
(53, '', '', 'LUZ MARIA RODRIGUEZ GAYTAN', 0, 3),
(54, '', '', 'DOLORES ANDREA RODRIGUEZ CORNEJO', 0, 3),
(55, '', '', 'VELIA GARCIA ALVAREZ', 0, 3),
(56, '', '', 'LOURDES CRISTINA DAVALOS ISAAC', 0, 3),
(57, '', '', 'YOLANDA ALONSO ARRIAGA', 0, 3),
(58, '', '', 'MARIA ELENA ZAMORA MAGDALENO', 0, 3),
(59, '', '', 'VERONICA MALDONADO ESQUEDA', 0, 3),
(60, '', '', 'MA DE JESUS MUNIZ PLASCENCIA', 0, 3),
(61, '', '', 'GUADALUPE REYES SANCHEZ', 0, 3),
(62, '', '', 'MA GUADALUPE MARTINEZ MARTINEZ', 0, 3),
(63, '', '', 'CARLOTA GUTIERREZ SANDOVAL', 0, 4),
(64, '', '', 'LETICIA OLIVIA LOPEZ LOPEZ', 0, 4),
(65, '', '', 'JORGE RAUL GOMEZ LOPEZ', 0, 4),
(66, '', '', 'ALFONSO PALOMINO PALOMINO', 0, 5),
(67, '', '', 'ZOILA ALTAMIRA ROSALES', 0, 5),
(68, '', '', 'JUANA KORINA MORENO REGALADO', 0, 5),
(69, '', '', 'SANDRA ELIZABETH MORENO REGALADO', 0, 5),
(70, '', '', 'SANJUANA MACIAS FLOREANO', 0, 5),
(71, '', '', 'RENE ROMERO SANCHEZ', 0, 5),
(72, '', '', 'SANDRA VERONICA HERNANDEZ CUELLAR', 0, 5),
(73, '', '', 'IRMA URENDA GUERRERO', 0, 6),
(74, '', '', 'FELICITAS HERRERA MARTINEZ', 0, 6),
(75, '', '', 'MA PERFECTA VALADEZ TAVAREZ', 0, 6),
(76, '', '', 'JORGE JULIAN ICAZBALCETA VILLELA', 0, 6),
(77, '', '', 'ROSA ELVIA ALONSO MARTINEZ', 0, 6),
(78, '', '', 'SILVIA ORELLAN SANCHEZ', 0, 7),
(79, '', '', 'JOSE SALVADOR RODRIGUEZ MOSQUEDA', 0, 7),
(80, '', '', 'GRACIELA VAZQUEZ VALADEZ', 0, 7),
(81, '', '', 'TOMASA PAREDES ANDRADE', 0, 7),
(82, '', '', 'MARTINA LOPEZ DE LA ROSA', 0, 7),
(83, '', '', 'IMELDA LETICIA DE LOERA TRINIDAD', 0, 7),
(84, '', '', 'IRMA CECILIA OCHOA REYES', 0, 7),
(85, '', '', 'MARIA ELENA RANGEL CRUZ', 0, 7),
(86, '', '', 'VERONICA ALMAGUER ARENAS', 0, 7),
(87, '', '', 'GABRIELA ERNESTINA HERNANDEZ BUSTOS', 0, 7),
(88, '', '', 'SILVIA MIRIAM GONZALEZ MONTERROSAS', 0, 7),
(89, '', '', 'RUBEN ZAPATA MARTINEZ', 0, 7),
(90, '', '', 'ANA ALICIA GONZALEZ RODRIGUEZ', 0, 7),
(91, '', '', 'SAN JUANA ANDRADE MORENO', 0, 8),
(92, '', '', 'ADELA CIGARRILLO RODRIGUEZ', 0, 9),
(93, '', '', 'JOSE ANGEL CRUZ CRUZ', 0, 9),
(94, '', '', 'ROSALBA ORENDAY RIVERA', 0, 10),
(95, '', '', 'MA ALICIA RODRIGUEZ BARRIOS', 0, 10),
(96, '', '', 'MARTHA LIDIA SANTILLAN CONTRERAS', 0, 10),
(97, '', '', 'ADRIANA IRMA RAMIREZ DELGADO', 0, 10),
(98, '', '', 'FRANCISCO MONTANTES GUERRERO', 0, 10),
(99, '', '', 'MARIA DEL ROSARIO FIGUEROA FITZ', 0, 10),
(100, '', '', 'AZUCENA ARENAS AVILA', 0, 11),
(101, '', '', 'MARIA DEL SOCORRO FLORES FIGUEROA', 0, 11),
(102, '', '', 'GRACIELA INES VALDES ZARATE', 0, 11),
(103, '', '', 'ANA VELIA MOTA CORTES', 0, 11),
(104, '', '', 'MARIA ELENA AVILA HERNANDEZ', 0, 11),
(105, '', '', 'PRISCILA ABIGAIL RODRIGUEZ GARCIA', 0, 11),
(106, '', '', 'BERTHA GOMEZ LOPEZ', 0, 11),
(107, '', '', 'RAQUEL HERNANDEZ GASPAR', 0, 11),
(108, '', '', 'KARLA MARIA BRIONES RODRIGUEZ', 0, 11),
(109, '', '', 'NORA ROCIO NORIEGA SAGREDO', 0, 11),
(110, '', '', 'ROSA REYES ALANIZ', 0, 11),
(111, '', '', 'MARIA LUISA MARQUEZ GUZMAN', 0, 11),
(112, '', '', 'AARON ISAI VIVERO RANGEL', 1, 12),
(113, '', '', 'JULIO CESAR MORENO CUEVAS', 0, 12),
(114, '', '', 'JASIHELY ESPINOZA ESCOBAR', 0, 12),
(115, '', '', 'BLANCA JESUS MONTANTES ARAUJO', 0, 12),
(116, '', '', 'FABIOLA HERNANDEZ BRIONES', 0, 12),
(117, '', '', 'GONZALO AMEZQUITA GUTIERREZ', 0, 12),
(118, '', '', 'ALMA LUCIA BONILLA RAMIREZ', 0, 12),
(119, '', '', 'MARIA ESTHELA ACOSTA MARTINEZ', 0, 12),
(120, '', '', 'LAURA CATALINA PADILLA GARCIA', 0, 13),
(121, '', '', 'MA LOURDES GOMEZ MORENO', 0, 13),
(122, '', '', 'MARGARITA MENDOZA MORENO', 0, 13),
(123, '', '', 'MARIA ANGELICA LOPEZ RODRIGUEZ', 0, 13),
(124, '', '', 'MARIA GUADALUPE ADAME ARELLANO', 0, 13),
(125, '', '', 'ESPERANZA MORENO MEDINA', 0, 13),
(126, '', '', 'EVA MARLENE CONTRERAS VALLIN', 0, 13),
(127, '', '', 'DOLORES PATRICIA RAMIREZ IBARRA', 0, 13),
(128, '', '', 'BENJAMIN ESQUEDA MARTINEZ', 0, 13),
(129, '', '', 'MARIA DE LOURDES GUERRERO MEJIA', 0, 13),
(130, '', '', 'PATRICIA NAJERA HUERTA', 0, 13),
(131, '', '', 'GENOC LOPEZ GONZALEZ', 0, 13),
(132, '', '', 'JOSEFINA MIKEL GIL', 0, 13),
(133, '', '', 'MARIA EMA DURAN ROBLES', 0, 13),
(134, '', '', 'TAYDE YOSELIN GUERRA PRECIADO', 0, 13),
(135, '', '', 'ROSAALVA BUSTAMANTE ROJAS', 0, 13),
(136, '', '', 'VERONICA REYES SANCHEZ', 0, 13),
(137, '', '', 'MARIA DE LA LUZ CONTRERAS MAGDALENO', 0, 13),
(138, '', '', 'GABRIELA MARTINEZ CHAVARRIA', 0, 13),
(139, '', '', 'EMMA GRACIELA GONZALEZ MONROY', 0, 13),
(140, '', '', 'MA DEL CARMEN MACIAS CHAVEZ', 0, 13),
(141, '', '', 'MARTHA ESTHELA XX LUEVANO', 0, 13),
(142, '', '', 'CLAUDIA HERNANDEZ GALVAN', 0, 13),
(143, '', '', 'GUILLERMINA ESPARZA FLORES', 0, 13),
(144, '', '', 'JUANA GARCIA PEDROZA', 0, 13),
(145, '', '', 'LIGIA ROMINA RODRIGUEZ GARCIA', 0, 13),
(146, '', '', 'SOFIA GABRIELA DIAZ SANCHEZ', 0, 14),
(147, '', '', 'LEONOR SANCHEZ GARCIA', 0, 14),
(148, '', '', 'GUSTAVO ALONSO LOERA GONZALEZ', 0, 14),
(149, '', '', 'ANA MARIA GUARDADO CAMPOS', 0, 14),
(150, '', '', 'MARIA GUADALUPE HERNANDEZ CONTRERAS', 0, 14),
(151, '', '', 'IGNACIO MUNOZ IZQUIERDO', 0, 14),
(152, '', '', 'LAURA JULIA MONTOYA ELIAS', 0, 14),
(153, '', '', 'MARIA DE LOURDES RAMIREZ ESPARZA', 0, 14),
(154, '', '', 'MARIA ADELA POZOS ZAVALA', 0, 14),
(155, '', '', 'MARTHA PATRICIA ROSALES RIVERA', 0, 14),
(156, '', '', 'MARIA SOYLA PENALOZA CANCINO', 0, 14),
(157, '', '', 'J ROBERTO ZARAGOZA ENRIQUEZ', 0, 14),
(158, '', '', 'JOSE IVAN LOPEZ PUGA', 0, 14),
(159, '', '', 'VICTOR AUGUSTO ESPARZA RAMIREZ', 0, 14),
(160, '', '', 'SERGIO NOE VICCON CALDERON', 0, 14),
(161, '', '', 'SAURI LIZETH ESPARZA RAMIREZ', 0, 14),
(162, '', '', 'ADRIANA VICCON POZOS', 0, 14),
(163, '', '', 'OLIVIA VILLALPANDO DURON', 0, 14),
(164, '', '', 'ALEJANDRA DIAZ DE LEON MACIAS', 0, 14),
(165, '', '', 'ANGELICA MARIA GONZALEZ GUERRA', 0, 14),
(166, '', '', 'IRMA MARIA AGUILAR JUAREZ', 0, 14),
(167, '', '', 'MA ISABEL ORNELAS JIMENEZ', 0, 14),
(168, '', '', 'MARCELA GONZALEZ GARZA', 0, 14),
(169, '', '', 'RAQUEL GALINDO LOZANO', 0, 14),
(170, '', '', 'MARTHA PIZANA HERRERA', 0, 14),
(171, '', '', 'MA DEL ROSARIO CHAVEZ LOPEZ', 0, 15),
(172, '', '', 'MARCOS ESTEBAN FUENTES DELGADO', 0, 15),
(173, '', '', 'JESSICA KARINA PINON BUSTOS', 0, 15),
(174, '', '', 'BEATRIZ BUSTOS GARCIA', 0, 15),
(175, '', '', 'ANGELICA MEDINA ALBA', 0, 15),
(176, '', '', 'GREISY MONTSERRAT GONZALEZ MEDINA', 0, 15),
(177, '', '', 'JOSE ANTONIO GONZALEZ GARCIA', 0, 15),
(178, '', '', 'MARIA GABRIELA MARTINEZ SANCHEZ', 0, 15),
(179, '', '', 'ELENA RAMOS CASTILLO', 0, 15),
(180, '', '', 'VANESSA BERENICE XX SANCHEZ', 0, 15),
(181, '', '', 'VERONICA MARTINEZ RAMOS', 0, 15),
(182, '', '', 'ARMANDINA VELAZQUEZ CONTRERAS', 0, 15),
(183, '', '', 'ENRRIQUETA CASTANEDA GUETIERREZ', 0, 16),
(184, '', '', 'BEATRIZ DAVALOS MARTINEZ', 0, 16),
(185, '', '', 'LILIA MARCELA ESCOBEDO REYES', 0, 16),
(186, '', '', 'MA ESTHER GARCIA AVILA', 0, 16),
(187, '', '', 'ELVIA MEDINA LUPERCIO', 0, 16),
(188, '', '', 'MARIA DEL CARMEN ESQUEDA LEON', 0, 16),
(189, '', '', 'CANDELARIA AIDA MARTINEZ GUTIERREZ', 0, 17),
(190, '', '', 'CARLOS IGNACIO REYES TORRES', 0, 17),
(191, '', '', 'CLAUDIA TORRES HERNANDEZ', 0, 17),
(192, '', '', 'PAOLA GUADALUPE GONZALEZ GAUCIN', 0, 17),
(193, '', '', 'ROSA MARIA LOPEZ MOYA', 0, 17),
(194, '', '', 'LUCIA MARTINEZ REYES', 0, 17),
(195, '', '', 'MA GUADALUPE SALAS DIAZ', 0, 17),
(196, '', '', 'ADELAIDA VAZQUEZ CORTEZ', 0, 17),
(197, '', '', 'ZULEMA TORRES MEDINA', 0, 17),
(198, '', '', 'KARLA VERONICA RODRIGUEZ PULIDO', 0, 17),
(199, '', '', 'ROSA ELVIA MEDINA ESPARZA', 0, 17),
(200, '', '', 'MA PATRICIA ESPARZA SANCHEZ', 0, 17),
(201, '', '', 'HERMINIA VAZQUEZ CORTEZ', 0, 17),
(202, '', '', 'EVA LOZANO AZPEITIA', 0, 17),
(203, '', '', 'BLANCA NAYELI CAMARILLO ARENAS', 0, 17),
(204, '', '', 'JUANA MARIA LOPEZ MOYA', 0, 17),
(205, '', '', 'MARICELA REYES MORA', 0, 18),
(206, '', '', 'JOSE ALFREDO AGUILAR RAMIREZ', 0, 18),
(207, '', '', 'MARGARITA CRUZALTA JUAREZ', 0, 18),
(208, '', '', 'GEORGINA MENDOZA LOPEZ', 0, 18),
(209, '', '', 'MAYRA PATRICIA PASILLAS TORRES', 0, 18),
(210, '', '', 'RUTH ESTHER TORRES SANTACRUZ', 0, 18),
(211, '', '', 'NANCY GUADALUPE ESPARZA GUZMAN', 0, 18),
(212, '', '', 'MA CENOBIA CASAS GONZALEZ', 0, 18),
(213, '', '', 'MARTHA ESTHELA TORRES GAMBOA', 0, 18),
(214, '', '', 'RUBEN BURGOS PICHARDO', 0, 19),
(215, '', '', 'YOLANDA RODRIGUEZ BARRIENTOS', 0, 19),
(216, '', '', 'ELVIA MACHUCA MARTINEZ', 0, 19),
(217, '', '', 'MARTHA AURORA GUZMAN RODRIGUEZ', 0, 19),
(218, '', '', 'LIDIA BECERRA PALOS', 0, 19),
(219, '', '', 'ALICIA MEDINA ESPARZA', 0, 19),
(220, '', '', 'JOSEFINA SOTELO DELGADO', 0, 19),
(221, '', '', 'JUANA MARIA DE LEON RAMIREZ', 0, 19),
(222, '', '', 'CARMEN GABRIELA GUTIERREZ VENTURA', 0, 19),
(223, '', '', 'OLIVIA MORALES ARELLANO', 0, 20),
(224, '', '', 'MA GUADALUPE TORALES SOLEDAD', 0, 20),
(225, '', '', 'ROSARIO LOPEZ ESPARZA', 0, 20),
(226, '', '', 'GABRIELA GARCIA CUELLAR', 0, 20),
(227, '', '', 'LEANDRA ESTELA CASTILLO MAGA?A', 0, 20),
(228, '', '', 'NORMA ELISA GARCIA MACIAS', 0, 20),
(229, '', '', 'LISBET MARTINEZ HERNANDEZ', 0, 21),
(230, '', '', 'BERTHA ANGELINA RINCON LOPEZ', 0, 21),
(231, '', '', 'BERTHA LUISA ARRIAGA CONTRERAS', 0, 21),
(232, '', '', 'ANA MARISA GODOY GONZALEZ', 0, 21),
(233, '', '', 'LETICIA MUNOZ GONZALEZ', 0, 21),
(234, '', '', 'ROMELIA ULLOA GONZALEZ', 0, 21),
(235, '', '', 'ADELA VARGAS GAYOSSO', 0, 22),
(236, '', '', 'PATRICIA MARIN ACERO', 0, 22),
(237, '', '', 'MIGUEL ANGEL CHAVIRA FUENTES', 0, 22),
(238, '', '', 'MARIA ISABEL CASTRO MARTINEZ', 0, 22),
(239, '', '', 'MA DEL CARMEN PEREZ AVILA', 0, 22),
(240, '', '', 'MARTHA ALICIA NEVAREZ MARQUEZ', 0, 22),
(241, '', '', 'MA GUADALUPE LUEVANO MORA', 0, 23),
(242, '', '', 'VIRIDIANA REYNA ESTRADA', 0, 23),
(243, '', '', 'MARTHA LETICIA SALAS TAPIA', 0, 23),
(244, '', '', 'NANCY JANETT CERVANTES LOPEZ', 0, 24),
(245, '', '', 'VERONICA LOPEZ IBARRA', 0, 24),
(246, '', '', 'ALMA LETICIA XX MARTINEZ', 0, 24),
(247, '', '', 'JUDITH ELIZABETH MACIAS SIGALA', 0, 24),
(248, '', '', 'MARIA DEL PILAR POBLANO PEREZ', 0, 24),
(249, '', '', 'MARIA LOPEZ DE SANTOS', 0, 24),
(250, '', '', 'SIMON JUAREZ MEZA', 0, 25),
(251, '', '', 'RAMON VELAZQUEZ ROCHA', 0, 25),
(252, '', '', 'MARTHA PATRICIA VALDIVIA SUAREZ', 0, 25),
(253, '', '', 'JUANA LUCIA PADILLA RAMIREZ', 0, 25),
(254, '', '', 'MARIA DEL ROSARIO PLASCENCIA NU?EZ', 0, 25),
(255, '', '', 'MA DEL REFUGIO MACIAS NERI', 0, 25),
(256, '', '', 'MARIA LUISA AVILA ESPARZA', 0, 26),
(257, '', '', 'MONICA NAYELI LOPEZ VALENZUELA', 0, 26),
(258, '', '', 'NORMA GUADALUPE CONTRERAS VALLIN', 0, 26),
(259, '', '', 'ENRIQUE MARTIN SERNA REGALADO', 0, 26),
(260, '', '', 'CLAUDIA ARACELI ESPARZA CARRILLO', 0, 26),
(261, '', '', 'IRMA LETICIA CARRILLO MARTINEZ', 0, 26),
(262, '', '', 'SILVIA RUVALCABA CASILLAS', 0, 26),
(263, '', '', 'JULIA CARDONA DIAZ', 0, 27),
(264, '', '', 'MARIA ASUNCION HERNANDEZ ESPARZA', 0, 27),
(265, '', '', 'MARISOL CERVANTES MARTINEZ', 0, 27),
(266, '', '', 'NORMA SANCHEZ SOTO', 0, 27),
(267, '', '', 'FUNIPERO CARRION HURTADO', 0, 27),
(268, '', '', 'VIRGINIA CERVANTES HERNANDEZ', 0, 27),
(269, '', '', 'JACQUELINE MANZO CRUZ', 0, 27),
(270, '', '', 'AGUSTINA SALAZAR RAMIREZ', 0, 27),
(271, '', '', 'ADRIANA ELIZABETH ORTIZ CARDONA', 0, 27),
(272, '', '', 'BLANCA ESTHELA GALVAN VARGAS', 0, 27),
(273, '', '', 'ANA LUCRECIA SANDOVAL LUCERO', 0, 27),
(274, '', '', 'JUANA ANGELICA ESPARZA PADILLA', 0, 27),
(275, '', '', 'SARA GUTIERREZ GUTIERREZ', 0, 28),
(276, '', '', 'MARTHA LETICIA REQUENES RAMIREZ', 0, 28),
(277, '', '', 'MAYELA JUDITH PLASCENCIA CHAVEZ', 0, 28),
(278, '', '', 'MA ELENA LOSANO HERNANDEZ', 0, 28),
(279, '', '', 'MARIA CRISTINA ESPINOZA SOTO', 0, 28),
(280, '', '', 'LUCIA GUZMAN GONZALEZ', 0, 28),
(281, '', '', 'ETELVINA MARIN CONTRERAS', 0, 28),
(282, '', '', 'MARTHA DELGADO GONZALEZ', 0, 28),
(283, '', '', 'MARIA ELENA MAGALLANES RODRIGUEZ', 0, 28),
(284, '', '', 'BLANCA ESTELA DIAZ VIDAURE', 0, 28),
(285, '', '', 'MA ARACELI RODRIGUEZ ROSALES', 0, 28),
(286, '', '', 'JUANA MORALES MARCIAL', 0, 28),
(287, '', '', 'MA EMERIA TORRES MACIAS', 0, 28),
(288, '', '', 'LILIANA PADILLA GUTIERREZ', 0, 28),
(289, '', '', 'ELVIRA SUSTAITA GUTIERREZ', 0, 28),
(290, '', '', 'MA GUADALUPE VAZQUEZ RODRIGUEZ', 0, 28),
(291, '', '', 'CECILIA SOSA IBARRA', 0, 29),
(292, '', '', 'JAZMIN ANABEL SALAZAR CORNEJO', 0, 29),
(293, '', '', 'GRACIELA IBARRA GONZALEZ', 0, 29),
(294, '', '', 'ENRIQUE SALAS ZUNIGA', 0, 29),
(295, '', '', 'ANTONIO DE JESUS BONILLA SALAZAR', 0, 29),
(296, '', '', 'MA ORTENCIA SOLEDAD HERNANDEZ XX', 0, 29),
(297, '', '', 'EFREN ESPARZA ESQUEDA', 0, 29),
(298, '', '', 'JORGE HUGO SALAZAR CORNEJO', 0, 29),
(299, '', '', 'YOLANDA SALAZAR VAZQUEZ', 0, 29),
(300, '', '', 'IRVING IVAN AVILA CHAVEZ', 0, 29),
(301, '', '', 'ANDREA DE LOS ANGELES ESPARZA RIOS', 0, 29),
(302, '', '', 'SANJUANA RUBALCABA GONZALEZ', 0, 29),
(303, '', '', 'BEATRIZ GUERRERO MONTOYA', 0, 29),
(304, '', '', 'MARIA RAQUEL GARCIA SANCHEZ', 0, 29),
(305, '', '', 'TERESA DE JESUS RIOS TAPIA', 0, 29),
(306, '', '', 'ALICIA GARCIA MEDRANO', 0, 29),
(307, '', '', 'ROSA MARTINEZ MORA', 0, 30),
(308, '', '', 'MIREYA MAGDALENA XX MACIAS', 0, 30),
(309, '', '', 'ALMA DELIA GUERRERO RUBALCAVA', 0, 30),
(310, '', '', 'OLGA MAIROL ELIAS AVILA', 0, 30),
(311, '', '', 'JUANA MARIA XX PAEZ', 0, 31),
(312, '', '', 'MA TERESA MARTINEZ ROMO', 0, 31),
(313, '', '', 'VIRGINIA ORTIZ ZAPATA', 0, 31),
(314, '', '', 'ANA MARIA ALFEREZ GUERRERO', 0, 32),
(315, '', '', 'MA DEL ROSARIO DUENAS GARCIA', 0, 32),
(316, '', '', 'MARIA DE LOURDES ROSALES HERNANDEZ', 0, 32),
(317, '', '', 'MARIA TERESA RODRIGUEZ DAVILA', 0, 32),
(318, '', '', 'MARIBEL ROMAN AVILA', 0, 32),
(319, '', '', 'MA EUGENIA BARCENAS POSAS', 0, 32),
(320, '', '', 'MARIA MAGDALENA AGUINAGA VELEZ', 0, 32),
(321, '', '', 'MARGARITA LOPEZ MERCADO', 0, 33),
(322, '', '', 'YOLANDA MARTINEZ PAREDES', 0, 33),
(323, '', '', 'GLORIA MARIA ANTONIETA VAZQUEZ GONZALEZ', 0, 33),
(324, '', '', 'MA CONSUELO DE LEON CASTRO', 0, 34),
(325, '', '', 'LAURA CAROLINA VARGAS RODRIGUEZ', 0, 34),
(326, '', '', 'MARIA ELENA MUNOZ TOLEDO', 0, 34),
(327, '', '', 'VERONICA BECERRA CENTENO', 0, 34),
(328, '', '', 'ALICIA MACARIO SANCHEZ', 0, 34),
(329, '', '', 'AMBROSIA VILLALOBOS VILLALOBOS', 0, 34),
(330, '', '', 'ANA ALICIA ARANDA LOPEZ', 0, 34),
(331, '', '', 'ANA CECILIA PEREZ SALAZAR', 0, 34),
(332, '', '', 'ANA LOURDES MACIAS MONTOYA', 0, 34),
(333, '', '', 'EVANGELINA CARDONA DURON', 0, 34),
(334, '', '', 'ANA MARIA GUADALUPE HERRERA RUELAS', 0, 34),
(335, '', '', 'IRMA LOPEZ LOPEZ', 0, 34),
(336, '', '', 'JOSEFINA ALVARADO MEDINA', 0, 34),
(337, '', '', 'JUAN RAFAEL BALTAZAR MOJICA', 0, 34),
(338, '', '', 'JUDITH AURORA MOJARRO MAGA?A', 0, 34),
(339, '', '', 'MA DELFINA VARGAS HERNANDEZ', 0, 34),
(340, '', '', 'MARIA DE LOURDES IBARRA ALBA', 0, 34),
(341, '', '', 'MARIA DEL PILAR PEREZ MIRANDA', 0, 34),
(342, '', '', 'NANCY CECILIA XX HERNANDEZ', 0, 34),
(343, '', '', 'EVANGELINA RODRIGUEZ MARQUEZ', 0, 34),
(344, '', '', 'JOSE LUIS DE LA ROSA GARCIA', 0, 34),
(345, '', '', 'JUANA MARIA HERNANDEZ JIMENEZ', 0, 34),
(346, '', '', 'CELIA RAMOS GALLEGOS', 0, 34),
(347, '', '', 'MA DE LA LUZ MONCADA VARELA', 0, 34),
(348, '', '', 'MA TERESA GUILLEN GALLEGOS', 0, 34),
(349, '', '', 'CLAUDIA SAUCEDO ARROYO', 0, 34),
(350, '', '', 'CONCEPCION ARROYO TERRONES', 0, 34),
(351, '', '', 'LINDA ESTHER SAUCEDO ARROYO', 0, 34),
(352, '', '', 'GUADALUPE MUNOZ TOLEDO', 0, 34),
(353, '', '', 'MA GUADALUPE HERNANDEZ LOPEZ', 0, 34),
(354, '', '', 'JUAN MANUEL MORA TORRES', 0, 34),
(355, '', '', 'MA ESTELA ANDRADE MARTINEZ', 0, 34),
(356, '', '', 'MARIBEL BARAJAS FLORES', 0, 34),
(357, '', '', 'LUZ MARIA GARCIA MONTES', 0, 34),
(358, '', '', 'CLAUDIA NAYELI LINAN REYES', 0, 35),
(359, '', '', 'IRMA HORTENCIA LOPEZ GONZALEZ', 0, 35),
(360, '', '', 'ROSA DELIA NIEVES CASTRO', 0, 35),
(361, '', '', 'ROSA MA GOMEZ GARCIA', 0, 35),
(362, '', '', 'CARLA JOANA DELGADO TORRES', 0, 35),
(363, '', '', 'JUDITH SUGEI CHAGOYA PEREZ', 0, 35),
(364, '', '', 'LAURA LOPEZ LOPEZ', 0, 35),
(365, '', '', 'MA AURORA RICO MACIAS', 0, 35),
(366, '', '', 'RAQUEL MORA RAMIREZ', 0, 35),
(367, '', '', 'PAULINA BEATRIZ MARTINEZ PEREIDA', 0, 35),
(368, '', '', 'MARA PATRICIA DELGADO TORRES', 0, 35),
(369, '', '', 'MA BELEN VERA MURILLO', 0, 35),
(370, '', '', 'MARIA DEL REFUGIO AGUIRRE GARCIA', 0, 35),
(371, '', '', 'MARIA MEDINA DELGADILLO', 0, 35),
(372, '', '', 'NORMA VERONICA ADAME GONZALEZ', 0, 35),
(373, '', '', 'OLGA RODRIGUEZ NIETO', 0, 35),
(374, '', '', 'PATRICIA ARELLANO ROMERO', 0, 35),
(375, '', '', 'PATRICIA VARELA DELGADO', 0, 35),
(376, '', '', 'MA GUADALUPE RAMIREZ GARCIA', 0, 35),
(377, '', '', 'DOLORES GENNY VARGAS RIOS', 0, 35),
(378, '', '', 'ELISA ALEJANDRA MARTINEZ ARENAS', 0, 35),
(379, '', '', 'GABRIELA MARTINEZ VALDEZ', 0, 35),
(380, '', '', 'MARIA ESTHER LOPEZ DE LARA', 0, 35),
(381, '', '', 'MA GUADALUPE ARGANDONA MURILLO', 0, 35),
(382, '', '', 'VERONICA MARTINEZ MORALES', 0, 35),
(383, '', '', 'ANA KAREN SANDOVAL IBARRA', 0, 35),
(384, '', '', 'OLAYA MARIA TERESA ROSALES MORA', 0, 35),
(385, '', '', 'ISABEL SANCHEZ HERNANDEZ', 0, 35),
(386, '', '', 'ADRIANA RUIZ SERNA', 0, 35),
(387, '', '', 'CLAUDIA LORENA LOPEZ DE LEON', 0, 35),
(388, '', '', 'DAVID IVAN ARZOLA GARCIA', 0, 35),
(389, '', '', 'MA DEL ROSARIO PASILLAS CERVANTES', 0, 35),
(390, '', '', 'MA GUADALUPE DE LUNA DE LA RIVA', 0, 35),
(391, '', '', 'MA DE LA LUZ SANCHEZ JAIME', 0, 36),
(392, '', '', 'MA DEL REFUGIO GARCIA PRIETO', 0, 36),
(393, '', '', 'MARIA DE LA LUZ CERVANTES MARTINEZ', 0, 36),
(394, '', '', 'STEFANY CAROLINA CORPUS MAYAGOYTIA', 0, 36),
(395, '', '', 'FRANCISCO JAVIER RODRIGUEZ LOPEZ', 0, 36),
(396, '', '', 'GUADALUPE ANGELICA AGUILAR DURAN', 0, 36),
(397, '', '', 'LETICIA REVELES GUTIERREZ', 0, 36),
(398, '', '', 'MARCO ANTONIO FAJARDO CERRITOS', 0, 36),
(399, '', '', 'MARTHA ALICIA SALAS CAMARILLO', 0, 36),
(400, '', '', 'DIANA IRAIT MONTES MURO', 0, 36),
(401, '', '', 'NEIVA YAJAIRA IBARRA MURO', 0, 36),
(402, '', '', 'LEONOR GONZALEZ LOPEZ', 0, 36),
(403, '', '', 'MARIA JESUS MEZA VILLA', 0, 36),
(404, '', '', 'ADRIANA LUCIO MURO', 0, 36),
(405, '', '', 'ERIKA SUSANA RAMIREZ RAMIREZ', 0, 36),
(406, '', '', 'JUVENTINO CARDENAS MORENO', 0, 36),
(407, '', '', 'LUZ ELENA MENDEZ CERVANTES', 0, 36),
(408, '', '', 'MA LUISA CHAVEZ LARA', 0, 38),
(409, '', '', 'GEORGINA VERONICA SANCHEZ SANCHEZ', 0, 38),
(410, '', '', 'MARIO RIOS PEREZ', 0, 38),
(411, '', '', 'ROMELIO DE JESUS TERAN DE LA CRUZ', 0, 38),
(412, '', '', 'HIGINIO MANUEL GONZALEZ REYNAGA', 0, 38),
(413, '', '', 'CARLOS VAZQUEZ ORENDAY', 0, 38),
(414, '', '', 'MARIA DEL ROSARIO MARTINEZ ESCOTO', 0, 38),
(415, '', '165', 'TANIA BEATRIZ PIÑON BUSTOS', 0, 15);

-- --------------------------------------------------------

--
-- Estructura de tabla para la tabla `promotores`
--

CREATE TABLE IF NOT EXISTS `promotores` (
  `id_promotor` int(11) NOT NULL AUTO_INCREMENT,
  `folio` varchar(6) NOT NULL,
  `id_jefe_manzana` int(11) NOT NULL,
  `seccion` varchar(3) NOT NULL,
  `promotor` varchar(60) NOT NULL,
  `voto` varchar(1) NOT NULL DEFAULT '0',
  `promovidos` int(11) NOT NULL DEFAULT '0',
  `reales` int(11) NOT NULL DEFAULT '0',
  PRIMARY KEY (`id_promotor`),
  UNIQUE KEY `promotor` (`promotor`)
) ENGINE=MyISAM  DEFAULT CHARSET=latin1 AUTO_INCREMENT=1552 ;

--
-- Volcar la base de datos para la tabla `promotores`
--

INSERT INTO `promotores` (`id_promotor`, `folio`, `id_jefe_manzana`, `seccion`, `promotor`, `voto`, `promovidos`, `reales`) VALUES
(1, '', 1, '015', 'MA MERCEDES RODRIGUEZ MARTINEZ', '0', 5, 2),
(2, '', 2, '155', 'EDGAR SERRANO MARTINEZ', '0', 9, 0),
(3, '', 3, '155', 'RICARDO ANTONIO RANGEL LOPEZ', '0', 0, 0),
(4, '', 3, '155', 'EDUARDO GUADALUPE GONZALEZ MARQUEZ', '1', 0, 0),
(5, '', 3, '155', 'LUIS MARQUEZ GUZMAN', '0', 0, 0),
(6, '', 4, '155', 'LORENA PADILLA MIRELES', '0', 7, 0),
(7, '', 4, '155', 'MA DE LA LUZ GARCIA GARCIA', '1', 5, 4),
(8, '', 4, '015', 'M BERNARDA GARCIA DE LIRA', '1', 0, 0),
(9, '', 4, '015', 'EDUARDO PORTILLO VELOZ', '1', 0, 0),
(10, '', 5, '015', 'PETRA ESPARZA SANTOS', '0', 8, 6),
(11, '', 5, '015', 'JOSE DE JESUS TORRES FLORES', '0', 0, 0),
(12, '', 5, '015', 'MONICA VALENTINA CUELLAR GARCIA', '0', 0, 0),
(13, '', 5, '015', 'ESTHER XX LEYVA', '0', 5, 0),
(14, '', 6, '015', 'MARIELA CECILIA HERNANDEZ DIAZ', '1', 9, 4),
(15, '', 6, '015', 'JUDITH ELIZABETH HERNANDEZ DIAZ', '1', 3, 1),
(16, '', 6, '015', 'MA ENEDINA MEDRANO SILVA', '1', 9, 3),
(17, '', 7, '015', 'LAURA CECILIA SALINAS ESPARZA', '0', 8, 6),
(18, '', 7, '015', 'ISABEL ALEJANDRA SALINAS ESPARZA', '0', 9, 3),
(19, '', 7, '015', 'ANGEL VELAZQUEZ MARTINEZ', '1', 8, 5),
(20, '', 8, '015', 'LETICIA DIAZ SALAS', '1', 7, 5),
(21, '', 8, '015', 'BRENDA AMELIA CARDONA VELASCO', '1', 6, 3),
(22, '', 8, '015', 'LAURA STEFANIA TRILLO DIAZ', '1', 5, 3),
(23, '', 8, '015', 'LETICIA MARTINEZ CRUZ', '1', 6, 2),
(24, '', 9, '015', 'SERGIO GUTIERREZ TORRES', '1', 9, 0),
(25, '', 9, '015', 'LETICIA RAMIREZ VELA', '0', 3, 1),
(26, '', 9, '015', 'SERGIO GUTIERREZ CRUZ', '1', 0, 0),
(27, '', 10, '015', 'MARIA DE LOURDES RODRIGUEZ REYES', '0', 3, 0),
(28, '', 10, '015', 'BEATRIZ SANTOS RIOS', '0', 0, 0),
(29, '', 10, '015', 'MARIA CONCEPCION OTAÑEZ GONZALEZ', '0', 5, 0),
(30, '', 10, '015', 'ITZAMARA SAYURI NUÑEZ OTAÑEZ', '0', 0, 0),
(31, '', 10, '015', 'ADRIANA DE LA CRUZ RUIZ', '1', 5, 0),
(32, '', 11, '015', 'MAYRA YANETH MARTINEZ REYES', '0', 12, 2),
(33, '', 11, '015', 'CRISTELA GUERRERO CERVANTES', '1', 7, 2),
(34, '', 11, '015', 'LAURA GUADALUPE CRUZ LOPEZ', '0', 8, 1),
(35, '', 11, '015', 'IRMA GUZMAN IBARRA', '1', 6, 1),
(36, '', 12, '015', 'MA DEL ROSARIO MARTINEZ GONZALEZ', '0', 4, 3),
(37, '', 12, '015', 'MARIA GUADALUPE MENDOZA ZAPUCHE', '1', 0, 0),
(38, '', 12, '015', 'MARIA GUADALUPE DOMINGUEZ MENDOZA', '1', 0, 0),
(39, '', 12, '015', 'J REFUGIO DOMINGUEZ VELOZ', '1', 0, 0),
(40, '', 12, '015', 'J JESUS VARGAS PADILLA', '1', 0, 0),
(41, '', 13, '015', 'NORMA ALICIA RAMIREZ CABRERA', '0', 7, 0),
(42, '', 13, '015', 'MARIA DEL CARMEN DE LIRA FLORES', '0', 1, 0),
(43, '', 14, '015', 'NORMA LILIANA TAPIA MARTINEZ', '1', 9, 4),
(44, '', 14, '015', 'RUBEN TAPIA MONREAL', '0', 10, 5),
(45, '', 14, '015', 'SELENE JAZMIN TAPIA MARTINEZ', '1', 11, 8),
(46, '', 14, '015', 'BRENDA YADIRA TAPIA MARTINEZ', '1', 10, 3),
(47, '', 15, '015', 'ALEJANDRO NUÑEZ MEDINA', '1', 6, 3),
(48, '', 15, '015', 'SAMANTHA ARACELI NUÑEZ ROSALES', '0', 7, 1),
(49, '', 15, '015', 'JONATHAN CARREON MONTOYA', '1', 9, 0),
(50, '', 15, '015', 'SANJUANA MONTOYA HERNANDEZ', '0', 9, 4),
(51, '', 16, '015', 'RUBEN SAUCEDO CENTENO', '1', 6, 1),
(52, '', 16, '015', 'SALVADOR VAZQUEZ SAUCEDO', '1', 6, 3),
(53, '', 16, '015', 'LUIS VAZQUEZ RODRIGUEZ', '1', 8, 2),
(54, '', 16, '015', 'GREGORIO DURAN SERNA', '1', 9, 4),
(55, '', 17, '015', 'ENEDINA CRUZ DE LUNA', '1', 7, 1),
(56, '', 17, '015', 'INOCENCIA MARTINEZ JIMENEZ', '0', 8, 3),
(57, '', 18, '015', 'HORTENCIA RAMIREZ VENTURA', '0', 0, 0),
(58, '', 18, '015', 'GUADALUPE DEL SOCORRO DELGADILLO LLAMAS', '0', 0, 0),
(59, '', 18, '015', 'ESPERANZA LLAMAS AZPEITIA', '0', 0, 0),
(60, '', 19, '015', 'IRMA LEDESMA CALZADA', '1', 4, 1),
(61, '', 19, '015', 'PATRICIA BARCENAS ANDRADE', '0', 3, 2),
(62, '', 19, '015', 'LUCILA HERNANDEZ HERNANDEZ', '1', 10, 1),
(63, '', 20, '015', 'JORGE ALBERTO GOMEZ GONZALEZ', '1', 0, 0),
(64, '', 20, '015', 'PERLA JAZMIN XX ZAMARRIPA', '0', 8, 4),
(65, '', 20, '015', 'EUSTOLIA CRISPINA PEREZ LOPEZ', '1', 9, 3),
(66, '', 20, '015', 'LIZBETH NAYELI GOMEZ ESQUIVEL', '0', 7, 2),
(67, '', 21, '015', 'FABIOLA SERRANO MARTINEZ', '0', 8, 3),
(68, '', 21, '015', 'RODOLFO CARMONA MACIAS', '0', 1, 0),
(69, '', 21, '015', 'MARIO RUIZ GUTIERREZ', '0', 6, 3),
(70, '', 21, '015', 'NORMA ISABEL LOPEZ LONA', '0', 0, 0),
(71, '', 21, '015', 'MARIA DEL CARMEN SILVA REYES', '0', 10, 2),
(72, '', 22, '015', 'MARIA OFELIA PEDROZA SANDOVAL', '0', 9, 4),
(73, '', 22, '015', 'GABRIELA CAMPOS MARTINEZ', '0', 10, 4),
(74, '', 22, '015', 'EZEQUIEL MARTINEZ ESPARZA', '1', 7, 4),
(75, '', 22, '015', 'MA ANABEL RUVALCABA CASTILLO', '1', 9, 4),
(76, '', 23, '015', 'EDITH MAGALI VALENZUELA DELGADO', '1', 7, 4),
(77, '', 23, '015', 'LUCIA GUADALUPE MUÑOZ VERA', '0', 0, 0),
(78, '', 23, '015', 'ANA CECILIA VALENZUELA DELGADO', '1', 6, 4),
(79, '', 23, '015', 'NANCY CORINA ESCAMILLA PEREZ', '1', 7, 4),
(80, '', 24, '015', 'ADRIANA LOZANO DE LA CRUZ', '1', 9, 2),
(81, '', 24, '015', 'GRACIELA ZUÑIGA MARTINEZ', '1', 1, 0),
(82, '', 25, '015', 'SARA LEMUS RIVERA', '1', 8, 1),
(83, '', 25, '015', 'MA CONCEPCION MARTINEZ DELGADO', '0', 25, 8),
(84, '', 25, '015', 'ROSA ALEJANDRA XX PEREZ', '0', 8, 4),
(85, '', 25, '015', 'BERTHA ALICIA PEREZ RODRIGUEZ', '0', 8, 2),
(86, '', 25, '015', 'ERIKA YAZMIN RAYGOZA RUTEAGA', '0', 14, 4),
(87, '', 25, '015', 'JUAN ANTONIO SANDOVAL ORTIZ', '1', 9, 1),
(88, '', 25, '015', 'MONTSERRAT GUADALUPE ALVAREZ PEREZ', '1', 8, 2),
(89, '', 25, '015', 'ERNESTO ZACARIAS ESPARZA', '0', 0, 0),
(90, '', 25, '015', 'LUIS ALFREDO JUAREZ ZUÑIGA', '1', 0, 0),
(91, '', 26, '015', 'SERGIO GOMEZ DIAZ', '0', 10, 2),
(92, '', 26, '015', 'WENDY MARIANA HERNANDEZ CARRASCO', '0', 0, 0),
(93, '', 26, '015', 'SERGIO XX GOMEZ', '0', 0, 0),
(94, '', 27, '015', 'MARTIN CORDOVA PADILLA', '1', 9, 4),
(95, '', 27, '015', 'REYNALDO PICHARDO PEREZ', '1', 10, 7),
(96, '', 27, '015', 'SONIA MARGARITA URQUIETA SERRANO', '1', 4, 0),
(97, '', 27, '015', 'VIRGINIA RAMIREZ MACIAS', '1', 0, 0),
(98, '', 27, '015', 'AMPARO HERNANDEZ GAMEZ', '0', 0, 0),
(99, '', 27, '015', 'JORGE ALBERTO RODRIGUEZ PADILLA', '0', 0, 0),
(100, '', 27, '015', 'BLANCA ESTHELA CASTILLO GODOY', '1', 8, 3),
(101, '', 27, '015', 'SANDRA SUSANA ROSALES MACIAS', '0', 1, 0),
(102, '', 27, '015', 'CRISTINA MOLINA ESQUIVEL', '1', 0, 0),
(103, '', 27, '015', 'ROSA IMELDA LOPEZ RANGEL', '0', 1, 0),
(104, '', 27, '015', 'JUANA ELIZABETH ORTIZ VILLALPANDO', '0', 10, 5),
(105, '', 27, '015', 'MANUEL RUVALCABA LOZANO', '0', 8, 3),
(106, '', 27, '015', 'MARIA LUISA SERRANO OLIVARES', '0', 0, 0),
(107, '', 27, '015', 'MARIA DEL SOCORRO VASQUEZ LANDEROS', '1', 0, 0),
(108, '', 28, '015', 'JUAN CARLOS BECERRA ORDAZ', '1', 7, 1),
(109, '', 28, '015', 'MARIA DEL CARMEN GUTIERREZ TORRES', '0', 9, 0),
(110, '', 28, '015', 'MA DE JESUS CRUZ DE LUNA', '1', 9, 2),
(111, '', 28, '015', 'NORMA ANGELICA HERRERA CRUZ', '1', 9, 2),
(112, '', 29, '015', 'MA DE JESUS SAUCEDO MARQUEZ', '1', 8, 2),
(113, '', 29, '015', 'ANA VICTORIA JASSO ROSAS', '1', 7, 1),
(114, '', 29, '015', 'JUANA MARIA CORTEZ MARTINEZ', '1', 12, 3),
(115, '', 29, '015', 'NATALY VANESSA VARGAS FREGOSO', '1', 8, 0),
(116, '', 30, '015', 'NORMA CECILIA SILVA FLORES', '0', 7, 0),
(117, '', 30, '015', 'HILDA CRISTINA ESTRADA BOCANEGRA', '1', 5, 2),
(118, '', 30, '015', 'MARIO ALBERTO MARQUEZ VAZQUEZ', '0', 6, 2),
(119, '', 30, '015', 'MARIA DEL CARMEN GONZALEZ GARCIA', '0', 5, 2),
(120, '', 31, '015', 'MARTHA CRUZ RAMIREZ JIMENEZ', '1', 3, 2),
(121, '', 31, '015', 'MARIA DE LA LUZ ESPARZA GARCIA', '1', 0, 0),
(122, '', 31, '015', 'DEISSY GUADALUPE TAPIA MEDINA', '0', 5, 2),
(123, '', 31, '015', 'MARTHA ELENA MARTINEZ MARTINEZ', '1', 4, 1),
(124, '', 31, '015', 'MIRIAM ALEJANDRA CARMONA ARELLANO', '0', 13, 7),
(125, '', 31, '015', 'M CRISPINA SANCHEZ NIEVEZ', '1', 9, 1),
(126, '', 31, '015', 'OFELIA MONTOYA JUAREZ', '0', 1, 0),
(127, '', 31, '015', 'LESLY DANIELA ROMO RIOS', '0', 0, 0),
(128, '', 31, '015', 'BENITO BEDOLLA ESPARZA', '1', 9, 6),
(129, '', 32, '015', 'JOSE MANUEL MENDOZA RIVERA', '0', 8, 3),
(130, '', 32, '015', 'YASMIN ESMERALDA SAUCEDO RUVALCABA', '1', 7, 3),
(131, '', 32, '015', 'LAURA PATRICIA SAUCEDO RUVALCABA', '0', 7, 0),
(132, '', 32, '015', 'JOSE LUIS SAUCEDO HERNANDEZ', '1', 9, 3),
(133, '', 32, '015', 'ANA ROSA SAUCEDO RUVALCABA', '1', 6, 1),
(134, '', 33, '015', 'MONICA PATRICIA AMADOR LUEVANO', '1', 6, 2),
(135, '', 34, '015', 'ERIKA DEL ROCIO DIAZ MORENO', '0', 8, 1),
(136, '', 34, '015', 'ARACELI XOLIO GUERRERO', '0', 8, 2),
(137, '', 34, '015', 'MARIA ELIZABETH GONGORA DIAZ', '0', 8, 1),
(138, '', 34, '015', 'LAILA ILIANA DIAZ NUÑEZ', '1', 9, 2),
(139, '', 37, '015', 'JUANA MARIA SANCHEZ MACIAS', '1', 9, 2),
(140, '', 37, '015', 'LAURA YUSUKI QUIROZ SALAS', '1', 9, 4),
(141, '', 37, '015', 'SARAI ALEJANDRA MUÑOZ ARELLANO', '1', 6, 4),
(142, '', 37, '015', 'HORTENCIA CAMARILLO LOPEZ', '0', 7, 3),
(143, '', 38, '015', 'ELVA MONTOYA MORENO', '1', 8, 2),
(144, '', 38, '015', 'LEONOR COLUNGA SALAZAR', '1', 7, 4),
(145, '', 38, '015', 'HERMILA MARTINEZ RUIZ', '1', 17, 7),
(146, '', 38, '015', 'J GUADALUPE HERRERA ORTIZ', '1', 8, 2),
(147, '', 39, '015', 'SONIA CAROLINA DAVILA CAMPOS', '1', 14, 3),
(148, '', 39, '015', 'ELVIRA CAMPOS GOMEZ', '1', 11, 7),
(149, '', 39, '015', 'ANACLETO DAVILA UVARIO', '1', 13, 6),
(150, '', 39, '015', 'ROSA IRENE SANDOVAL CERVANTES', '1', 11, 5),
(151, '', 41, '015', 'RIGOBERTO ESPARZA PEDROZA', '1', 8, 2),
(152, '', 41, '015', 'JUANA MARIA MONTOYA ARISMENDIZ', '1', 8, 3),
(153, '', 41, '015', 'MA PAULA RAMIREZ REYES', '1', 10, 4),
(154, '', 42, '015', 'JORGE LOPEZ AHUMADA', '0', 0, 0),
(155, '', 42, '015', 'ANAY LOPEZ MARTIN DEL CAMPO', '0', 7, 3),
(156, '', 42, '015', 'MARLENT ESPARZA PEÑALOZA', '0', 0, 0),
(157, '', 42, '015', 'M JUANA PADILLA RANGEL', '0', 0, 0),
(158, '', 43, '015', 'JOSE ALFREDO DE LUNA HERNANDEZ', '0', 9, 5),
(159, '', 43, '015', 'OLIVIA DE LUNA DOMINGUEZ', '1', 0, 0),
(160, '', 43, '015', 'BRENDA GUADALUPE ROBLES GARCIA', '1', 10, 6),
(161, '', 43, '015', 'YOLANDA CARMONA VALDEZ', '1', 9, 4),
(162, '', 44, '015', 'ADELAIDA RANGEL AREVALO', '0', 8, 2),
(163, '', 44, '015', 'MARIA DE JESUS HERNANDEZ PADILLA', '1', 9, 2),
(164, '', 45, '015', 'JUANA ELENA GONZALEZ CARDONA', '1', 11, 4),
(165, '', 45, '015', 'JORGE LUIS PACHECO GARCIA', '1', 10, 1),
(166, '', 45, '015', 'JUAN MIGUEL PACHECO GARCIA', '1', 8, 3),
(167, '', 45, '015', 'RICARDO LOPEZ LUEVANO', '0', 10, 4),
(168, '', 47, '015', 'CRESCENCIA LOPEZ PEREZ', '1', 18, 3),
(169, '', 47, '015', 'RAMONA CAMACHO TAGLE', '1', 9, 4),
(170, '', 47, '015', 'J GUADALUPE MARQUEZ LOPEZ', '1', 4, 3),
(171, '', 47, '015', 'MARIA ASENCION PEREZ FRANCO', '1', 8, 2),
(172, '', 48, '015', 'JUANA MARIA HERNANDEZ CHAVEZ', '0', 30, 3),
(173, '', 48, '015', 'YANELLI PEREZ TELLEZ', '1', 8, 3),
(174, '', 48, '015', 'JUANA OLAYO MARTINEZ', '1', 22, 3),
(175, '', 48, '015', 'MARIANA RAIGOSA MARTINEZ', '0', 7, 2),
(176, '', 49, '015', 'IRMA ISABEL ESCALERA GALLEGOS', '1', 8, 2),
(177, '', 49, '015', 'JUAN ANTONIO ESCALERA GALVAN', '1', 10, 2),
(178, '', 49, '015', 'JESSICA MIREYA ESCALERA GALLEGOS', '0', 14, 2),
(179, '', 49, '015', 'MIGUEL ANGEL CHAVEZ ESPARZA', '0', 9, 4),
(180, '', 50, '015', 'MARIA DEL REFUGIO CISNEROS CASTRO', '0', 8, 0),
(181, '', 50, '015', 'MA DE LOS ANGELES FLORES DURAN', '0', 5, 1),
(182, '', 51, '015', 'JOSE ROBERTO ZAPATA DOMINGUEZ', '1', 7, 1),
(183, '', 51, '155', 'AUREA LIBERTAD MORALES REYES', '1', 6, 2),
(184, '', 51, '155', 'JORGE LUIS MORALES CASTILLO', '1', 5, 3),
(185, '', 51, '155', 'MA DEL ROSARIO ESQUIVEL FLORES', '0', 5, 1),
(186, '', 52, '155', 'GRACIELA RAMIREZ ESPARZA', '0', 7, 1),
(187, '', 52, '155', 'ELIA PATRICIA VILLEGAS LEOS', '0', 8, 0),
(188, '', 52, '155', 'ISABEL CRISTINA CONTRERAS MARTINEZ', '1', 11, 2),
(189, '', 52, '155', 'BRANDON EVERADO GOMEZ DIAZ', '1', 0, 0),
(190, '', 52, '155', 'MA SOLEDAD GONGORA GONZALEZ', '1', 14, 2),
(191, '', 52, '155', 'SOFIA MARTINEZ ESCOBAR', '1', 7, 0),
(192, '', 52, '155', 'MA DE JESUS COLLAZO PADILLA', '0', 7, 3),
(193, '', 52, '155', 'DULCE PAULINA CERVANTES RIVERA', '1', 8, 3),
(194, '', 53, '155', 'JESIKA VANESSA VILLALPANDO DELGADO', '0', 5, 1),
(195, '', 53, '155', 'MA BELEN GONZALEZ MARTINEZ', '1', 5, 0),
(196, '', 53, '155', 'KAREN LUCIA GLORIA IBARRA', '0', 15, 6),
(197, '', 53, '155', 'YEHOSHAFAT ISAY MORALES RODRIGUEZ', '1', 5, 0),
(198, '', 54, '155', 'ALMA FABIOLA SALAZAR MEDINA', '1', 6, 0),
(199, '', 54, '155', 'CLAUDIA ORTIZ GARCIA', '1', 6, 0),
(200, '', 54, '155', 'NAHOMI JAZMIN LOPEZ LEON', '1', 9, 3),
(201, '', 55, '155', 'ANA LUISA AGUIÑA AGUILAR', '1', 9, 2),
(202, '', 55, '155', 'CLAUDIA MENA ORNELAS', '0', 9, 0),
(203, '', 55, '155', 'FRANCISCA DE LA ROSA GARCIA', '0', 7, 3),
(204, '', 55, '155', 'MARIA DEL ROCIO ESCOBEDO MEDINA', '1', 5, 1),
(205, '', 56, '155', 'BLANCA DIAZ MERINO', '0', 8, 1),
(206, '', 56, '155', 'MARIA TERESA FLORES CRUZ', '1', 7, 1),
(207, '', 56, '155', 'FRANCISCO DIOSDADO CARDONA', '1', 9, 0),
(208, '', 56, '155', 'MONICA ELIZABETH DIOSDADO DAVALOS', '0', 10, 1),
(209, '', 57, '155', 'VERONICA ORTIZ LUNA', '0', 9, 1),
(210, '', 57, '155', 'MARIA GUADALUPE MENA ALONSO', '0', 5, 0),
(211, '', 57, '155', 'VERONICA OLMOS HERNANDEZ', '0', 9, 0),
(212, '', 57, '155', 'VICTORIA ALONSO ARRIAGA', '1', 17, 3),
(213, '', 58, '155', 'MA DE LOURDES DE ANDA BERNAL', '0', 4, 0),
(214, '', 58, '155', 'JOSE DE JESUS MONTOYA LEOS', '1', 5, 2),
(215, '', 58, '155', 'MARICELA VAZQUEZ DURAN', '0', 0, 0),
(216, '', 58, '155', 'FRANCISCO JAVIER GUERRERO TORRES', '0', 0, 0),
(217, '', 59, '155', 'ANA KARINA HERRERA HERNANDEZ', '0', 4, 0),
(218, '', 59, '155', 'JUDITH ELIZABETH RODRIGUEZ MARTINEZ', '0', 8, 4),
(219, '', 59, '155', 'YOLANDA SALAZAR MARTINEZ', '0', 6, 0),
(220, '', 60, '155', 'TERESA MA GUADALUPE ESPARZA LUCIO', '0', 0, 0),
(221, '', 60, '155', 'FABIOLA YOLANDA AVILA SANCHEZ', '0', 9, 2),
(222, '', 60, '155', 'AARON SANDOVAL MUÐIZ', '0', 7, 3),
(223, '', 60, '155', 'JOSEFA BARTOLO ROQUE', '1', 7, 1),
(224, '', 60, '155', 'MARTHA SERAFINA ESPINOSA LARA', '0', 0, 0),
(225, '', 60, '155', 'MODESTA DEL CARMEN GONZALEZ MORALES', '0', 2, 0),
(226, '', 61, '155', 'FRANCISCO JAVIER PEREZ RUIZ', '0', 12, 3),
(227, '', 61, '155', 'JAVIER LUIS PEREZ', '1', 0, 0),
(228, '', 61, '155', 'DANIEL RODRIGUEZ SOLIS', '0', 2, 1),
(229, '', 61, '155', 'JUAN ERNESTO MENA HERRERA', '0', 8, 3),
(230, '', 61, '155', 'SAN JUANA FLORES LARA', '0', 12, 0),
(231, '', 62, '155', 'OYUQUI YADIRA DURON GUERRERO', '0', 1, 0),
(232, '', 62, '155', 'EFRAIN MIGUEL REYNA ZAMORA', '0', 4, 0),
(233, '', 62, '155', 'ANA ROSA CAMARENA GARCIA', '1', 11, 0),
(234, '', 62, '155', 'NICOLAS AGUIÐA AGUIÐA', '0', 8, 2),
(235, '', 63, '155', 'OLGA MARTINEZ LARA', '0', 4, 0),
(236, '', 63, '155', 'ARIZBETH JOSELYNE SANTOS GUTIERREZ', '0', 6, 0),
(237, '', 63, '155', 'VICTOR MANUEL XX SANTOS', '0', 9, 2),
(238, '', 63, '155', 'SARA VARGAS ROMO', '0', 6, 1),
(239, '', 64, '155', 'PATRICIA ALVAREZ VAZQUEZ', '0', 6, 2),
(240, '', 64, '155', 'MARIA LOURDES PEREZ MELENDREZ', '1', 9, 2),
(241, '', 64, '155', 'LUIS ARMANDO CARILLO PEREZ', '0', 0, 0),
(242, '', 64, '155', 'JOSE CARLOS MEJIA LOPEZ', '0', 3, 0),
(243, '', 64, '155', 'JORGE ALBERTO SALAZAR VALENCIANO', '1', 8, 4),
(244, '', 64, '155', 'GUADALUPE JUANA CHAVEZ CAMPOS', '0', 6, 0),
(245, '', 65, '155', 'LETICIA RAMIREZ MONCADA', '1', 10, 3),
(246, '', 65, '155', 'MARISELA DE LUNA HERNANDEZ', '0', 0, 0),
(247, '', 65, '155', 'LAURA YESENIA GOMEZ RIVERA', '1', 8, 3),
(248, '', 65, '155', 'MARGARITA HERNANDEZ MEDINA', '1', 6, 2),
(249, '', 65, '155', 'MA MAGDALENA MACIAS ORTIZ', '1', 7, 4),
(250, '', 65, '155', 'SANDRA CRISTINA MARTINEZ SEGOVIANO', '1', 12, 2),
(251, '', 66, '155', 'FABIOLA PALOMINO VAZQUEZ', '0', 11, 6),
(252, '', 66, '155', 'HORACIO RUIZ MONDRAGON', '0', 8, 5),
(253, '', 66, '155', 'KARLA NORELI GUTIERREZ MORALES', '0', 9, 3),
(254, '', 67, '155', 'MA ELBA REGALADO ALTAMIRA', '1', 7, 1),
(255, '', 67, '155', 'RUBEN REGALADO LINARES', '1', 11, 4),
(256, '', 67, '155', 'LETICIA DE JESUS SANDOVAL DIAZ', '1', 9, 3),
(257, '', 67, '155', 'ZOILA EUFROSINA REGALADO ALTAMIRA', '1', 0, 0),
(258, '', 68, '155', 'ZULLY NICCOL SALAS REGALADO', '0', 1, 1),
(259, '', 68, '155', 'GRISELDA DANIELA REGALADO VILLA', '0', 0, 0),
(260, '', 68, '155', 'MARIA MENA MARTINEZ', '0', 10, 0),
(261, '', 68, '155', 'MARIA DEL CARMEN HERNANDEZ ANGELES', '0', 0, 0),
(262, '', 68, '155', 'MA SOCORRO VALTIERRA DURON', '0', 5, 0),
(263, '', 69, '155', 'LUIS ARTURO MORENO REGALADO', '0', 1, 0),
(264, '', 69, '155', 'JOSE FELIX REVELES ROSALES', '0', 0, 0),
(265, '', 69, '155', 'FRANCISCA GUAJARDO MENA', '0', 0, 0),
(266, '', 70, '155', 'MA DE LA LUZ ORTIZ LEYVA', '1', 6, 2),
(267, '', 70, '155', 'JUANA GABRIELA PUENTE ORTIZ', '1', 0, 0),
(268, '', 70, '155', 'VERONICA SANTOYO MACIAS', '1', 13, 3),
(269, '', 70, '155', 'MARICELA PATRICIA XX MACIAS', '0', 10, 0),
(270, '', 70, '155', 'MARIA CARMEN GOMEZ CENTENO', '1', 8, 2),
(271, '', 71, '155', 'JESSICA ROMERO MORENO', '1', 10, 6),
(272, '', 71, '155', 'ALICIA CUEVAS HERRERA', '1', 10, 5),
(273, '', 71, '155', 'ROSA MARIA DELGADO FLORES', '1', 2, 0),
(274, '', 71, '155', 'CLAUDIA VANESSA CASTILLO BARBA', '0', 17, 6),
(275, '', 72, '155', 'SAN JUANA CUELLAR GARCIA', '0', 11, 2),
(276, '', 72, '155', 'MARIANA PAOLA VAZQUEZ BARCENAS', '1', 8, 2),
(277, '', 72, '155', 'ANA ROSA SAUCEDO CASTILLO', '0', 6, 5),
(278, '', 72, '155', 'CARLOS GARCIA MONREAL', '1', 10, 3),
(279, '', 73, '155', 'TERESA SALDIVAR MARTINEZ', '1', 8, 3),
(280, '', 73, '155', 'ISAURA DIAZ DE LEON CHIQUITO', '1', 9, 3),
(281, '', 73, '155', 'EVA TORRES FRAUSTO', '1', 8, 4),
(282, '', 73, '155', 'FELIPE DE JESUS ESPINOZA LUEVANO', '1', 7, 0),
(283, '', 74, '155', 'MIRIAM ANAYANCI REYES MENDOZA', '0', 7, 2),
(284, '', 74, '155', 'MA DE JESUS HERRERA LIMON', '1', 8, 2),
(285, '', 74, '155', 'KARLA LETICIA GONGORA HERRERA', '0', 6, 2),
(286, '', 74, '155', 'ARNULFO GONZALEZ HERNANDEZ', '1', 2, 0),
(287, '', 74, '155', 'MARGARITA ALACOQUE MENDOZA ESQUIVEL', '0', 0, 0),
(288, '', 74, '155', 'CARLOS ENRIQUE GONGORA HERRERA', '1', 9, 4),
(289, '', 74, '155', 'GLORIA HEREDIA CRUZ', '1', 6, 1),
(290, '', 74, '155', 'LAURA JUDITH TRUJILLO PEREZ', '0', 0, 0),
(291, '', 74, '155', 'JOSE RICARDO XX LOPEZ', '0', 3, 0),
(292, '', 75, '155', 'MA ESTHER CABALLERO CAMACHO', '0', 6, 3),
(293, '', 75, '155', 'MONICA HERNANDEZ TOSTADO', '1', 0, 0),
(294, '', 75, '155', 'MARIA OSVELIA FLORES CASTILLO', '1', 10, 4),
(295, '', 75, '155', 'ALEJANDRA ELIZABETH ARRIAGA BAÑUELOS', '0', 7, 1),
(296, '', 76, '155', 'ESTHELA GUERRERO FLORES', '1', 0, 0),
(297, '', 76, '155', 'ADRIAN ICAZBALCETA SILVA', '1', 17, 2),
(298, '', 76, '155', 'SARAHI PEDROZA GUERRERO', '1', 0, 0),
(299, '', 76, '155', 'NORMA ALEJANDRA PEDROZA GUERRERO', '0', 0, 0),
(300, '', 77, '155', 'MA SILVIA GUERRERO VALADEZ', '0', 0, 0),
(301, '', 77, '155', 'ARTURO CERDA VARGAS', '1', 0, 0),
(302, '', 77, '155', 'GABRIELA CERDA ALONSO', '1', 13, 5),
(303, '', 77, '155', 'AARON ARTURO CERDA ALONSO', '1', 8, 3),
(304, '', 78, '155', 'CARLA GUADALUPE RUVALCABA VARGAS', '1', 4, 1),
(305, '', 78, '155', 'JOEL VAZQUEZ LUNA', '0', 6, 0),
(306, '', 78, '155', 'RICARDO RUVALCABA PALACIOS', '1', 5, 1),
(307, '', 78, '155', 'MARIA GUADALUPE VARGAS NAJERA', '1', 9, 4),
(308, '', 79, '155', 'SONIA ARMIDA ESTRADA BARRON', '0', 9, 5),
(309, '', 79, '155', 'DAVID RODRIGUEZ DELGADO', '0', 9, 5),
(310, '', 80, '155', 'PABLO SALAS DIAZ', '0', 15, 1),
(311, '', 80, '155', 'DIEGO ANTONIO SALAS VAZQUEZ', '0', 9, 6),
(312, '', 80, '155', 'BLANCA ESTHELA MARIN GONZALEZ', '0', 7, 3),
(313, '', 80, '155', 'MICAELA SANTILLAN REYES', '1', 8, 4),
(314, '', 81, '155', 'MA ISABEL GUTIERREZ DAVILA', '1', 9, 0),
(315, '', 81, '155', 'RUBEN ESTRADA FLORES', '0', 7, 5),
(316, '', 81, '155', 'JUANA VALDEZ RODRIGUEZ', '0', 3, 0),
(317, '', 81, '155', 'MA ESTHER GARCIA BOCANEGRA', '0', 4, 0),
(318, '', 82, '155', 'ROSA MARIA GUTIERREZ BAÑUELOS', '1', 10, 2),
(319, '', 82, '155', 'JAVIER MORALES BARRIENTOS', '1', 8, 4),
(320, '', 82, '155', 'ESPERANZA GONZALEZ GONZALEZ', '1', 3, 1),
(321, '', 82, '155', 'MANUEL DE JESUS MORALES LOPEZ', '1', 19, 3),
(322, '', 83, '155', 'NAYELY AVILA VAZQUEZ', '1', 6, 0),
(323, '', 83, '155', 'MAGDALENA VAZQUEZ LUNA', '1', 6, 2),
(324, '', 83, '155', 'JUANA TISCAREÑO SEGOVIA', '1', 14, 3),
(325, '', 83, '155', 'IGNACIO AVILA DIAZ', '1', 10, 3),
(326, '', 84, '155', 'ESTEBAN SALAZAR CALDERON', '1', 9, 2),
(327, '', 84, '155', 'LEONOR MATA FLORES', '0', 7, 1),
(328, '', 84, '155', 'LETICIA ROSAS MACIAS', '1', 7, 4),
(329, '', 84, '155', 'MA DE LOURDES GUERRERO TISCAREÑO', '0', 7, 2),
(330, '', 85, '155', 'MA DEL ROSARIO GUTIERREZ LOPEZ', '0', 4, 2),
(331, '', 85, '155', 'NADIA ISELA DIAZ CISNEROS', '0', 8, 3),
(332, '', 85, '155', 'MA DEL CARMEN PASILLAS REYES', '0', 10, 3),
(333, '', 85, '155', 'MARIA DEL ROSARIO GUTIERREZ LOPEZ', '1', 7, 3),
(334, '', 85, '155', 'MA DE LA CRUZ ESPARZA MAGALLANES', '1', 9, 0),
(335, '', 86, '155', 'CLAUDIA UBARIO VALLEJO', '1', 6, 4),
(336, '', 86, '155', 'MARIA GUADALUPE ALMAGUER ARENAS', '0', 7, 1),
(337, '', 86, '155', 'HERIBERTO MORENO JIMENEZ', '0', 5, 1),
(338, '', 86, '155', 'MARIA SALAS DE LA ROSA', '1', 12, 1),
(339, '', 87, '155', 'MARIO MORQUECHO DELGADILLO', '1', 8, 3),
(340, '', 87, '155', 'JAIME CESAR XX BRIONES', '0', 5, 0),
(341, '', 87, '155', 'BERTHA AGUILAR REYES', '1', 4, 1),
(342, '', 87, '155', 'SONIA ESMERALDA MORQUECHO HERNANDEZ', '1', 6, 2),
(343, '', 88, '155', 'MARTHA MARISOL ARELLANO ROCHA', '0', 7, 2),
(344, '', 88, '155', 'ALFREDO VAZQUEZ GONZALEZ', '0', 9, 1),
(345, '', 88, '155', 'JUANA JUAREZ CONTRERAS', '1', 8, 4),
(346, '', 88, '155', 'APOLINAR VAZQUEZ CRUZ', '0', 7, 0),
(347, '', 89, '155', 'ULISES VAZQUEZ GONZALEZ', '0', 6, 3),
(348, '', 89, '155', 'ESMERALDA RODRIGUEZ GOMEZ', '0', 8, 0),
(349, '', 89, '155', 'MARIA GABRIELA BARRIOS SIERRA', '0', 12, 1),
(350, '', 89, '155', 'MA IMELDA VALADEZ LARA', '0', 9, 2),
(351, '', 90, '155', 'EDGAR ADRIAN GOMEZ MENDOZA', '0', 7, 0),
(352, '', 90, '155', 'MA ROSARIO GOMEZ RODRIGUEZ', '0', 9, 4),
(353, '', 90, '155', 'ANGELICA DIAZ ESTRADA', '1', 9, 1),
(354, '', 90, '155', 'GUILLERMINA GUTIERREZ ALVARADO', '1', 6, 3),
(355, '', 91, '155', 'IRMA CABRERA ESPARZA', '0', 9, 1),
(356, '', 91, '155', 'JOSE ALBERTO ACOSTA ANDRADE', '1', 7, 4),
(357, '', 91, '155', 'MARIA MAGDALENA DE LIRA FLORES', '0', 3, 1),
(358, '', 92, '155', 'EDUARDO BRIONES RODRIGUEZ', '0', 8, 1),
(359, '', 92, '155', 'JUAN PABLO GARCIA ALONSO', '0', 9, 2),
(360, '', 92, '155', 'JUANA ANTONIA GUERRA VILLANUEVA', '1', 8, 3),
(361, '', 92, '155', 'BERENICE YAZMIN NAVARRO CIGARRILLO', '0', 7, 2),
(362, '', 93, '155', 'MARTHA SAMARRIPA SILVA', '1', 8, 3),
(363, '', 93, '155', 'MARIA DE LOS ANGELES CRUZ CRUZ', '1', 1, 0),
(364, '', 93, '155', 'MARIA DEL CONSUELO XX CRUZ', '0', 9, 0),
(365, '', 93, '155', 'MA DE JESUS MARTINEZ ALMENDARIZ', '0', 9, 1),
(366, '', 95, '592', 'BEATRIZ ADRIANA SILVA MEDINA', '0', 2, 0),
(367, '', 95, '592', 'GUADALUPE CAROLINA ORTIZ GONZALEZ', '0', 0, 0),
(368, '', 95, '592', 'FRANCISCO JAVIER LUEVANO REYNA', '0', 7, 0),
(369, '', 95, '592', 'ANGELICA LILIANA PEREZ MERCADO', '0', 5, 0),
(370, '', 96, '155', 'ESTELA CRUZ CAMACHO', '0', 0, 0),
(371, '', 96, '592', 'MANUEL GARZA DIAZ', '0', 9, 0),
(372, '', 96, '592', 'YADIRA NAVA REYES', '0', 3, 0),
(373, '', 96, '155', 'CHRISTIAN EVERARDO MARRON CRUZ', '0', 0, 0),
(374, '', 97, '592', 'MARIA GABRIELA RUVALCABA ESQUEDA', '0', 6, 0),
(375, '', 97, '592', 'TERESITA DE JESUS FLORES PRO', '0', 10, 0),
(376, '', 97, '592', 'HECTOR MANUEL RODRIGUEZ LOPEZ', '0', 42, 4),
(377, '', 97, '592', 'MARTHA CECILIA ESPARZA MARTINEZ', '0', 0, 0),
(378, '', 98, '592', 'LIZBETH GUADALUPE MONTANTES ESPINOZA', '0', 8, 2),
(379, '', 98, '592', 'M VERTA LISIA ESPIRICUETA NIETO', '0', 0, 0),
(380, '', 98, '592', 'CHRISTIAN OMAR MONTANTES ESPINOZA', '0', 5, 0),
(381, '', 98, '592', 'LETICIA ESPINOZA BERNAL', '0', 0, 0),
(382, '', 99, '155', 'MARIA DEL ROSARIO CORRO FIGUEROA', '0', 5, 0),
(383, '', 99, '592', 'YARA RAMIREZ MONTOYA', '0', 9, 0),
(384, '', 99, '592', 'LETICIA ALVARADO IBARRA', '0', 10, 0),
(385, '', 99, '592', 'LEONILA HERNANDEZ HERNANDEZ', '0', 0, 0),
(386, '', 100, '155', 'ARMANDO PEREZ LARIOS', '0', 6, 2),
(387, '', 100, '155', 'MARIA DE LOURDES VAZQUEZ RUIZ', '1', 5, 1),
(388, '', 100, '155', 'ALMA ASUNCION LARIOS ESCOBAR', '1', 4, 1),
(389, '', 101, '155', 'MARIA DOLORES IBARRA RINCON', '1', 10, 0),
(390, '', 101, '155', 'VIOLETA ALTAMIRA DURON', '1', 8, 3),
(391, '', 101, '155', 'MA DEL CARMEN SALAZAR GARCIA', '0', 7, 0),
(392, '', 102, '155', 'MARTHA GABRIELA MONTES ESPARZA', '0', 8, 1),
(393, '', 102, '155', 'ESPERANZA GONZALEZ HERNANDEZ', '1', 12, 6),
(394, '', 103, '155', 'MARIA DEL SOCORRO MUÑOZ GONZALEZ', '0', 5, 0),
(395, '', 103, '155', 'ELISA SALDIVAR TRINIDAD', '1', 12, 2),
(396, '', 103, '155', 'GONZALO RANGEL CORDOVA', '0', 9, 4),
(397, '', 103, '155', 'VERONICA RODRIGUEZ MUÑOZ', '0', 0, 0),
(398, '', 104, '155', 'MA ELENA ESPARZA GONZALEZ', '1', 6, 2),
(399, '', 104, '155', 'JUAN MANUEL VARGAS SANTILLAN', '1', 7, 4),
(400, '', 104, '155', 'PATRICIA SANTOS CALDERA', '1', 10, 5),
(401, '', 104, '155', 'SILVIA GARCIA VAZQUEZ', '0', 4, 1),
(402, '', 105, '155', 'SULAIRAM PALACIOS VIRAMONTES', '1', 0, 0),
(403, '', 105, '155', 'JUANA IMELDA MARTINEZ RAMIREZ', '0', 1, 0),
(404, '', 105, '155', 'MARIA MAGDALENA RODRIGUEZ CASTILLO', '1', 3, 0),
(405, '', 105, '516', 'VIRGINIA GOMEZ AGUILERA', '1', 7, 0),
(406, '', 106, '155', 'LAURA DELIA SOTO DELGADILLO', '0', 10, 1),
(407, '', 106, '155', 'JOSE LUIS CHAVEZ MARTINEZ', '1', 9, 1),
(408, '', 106, '155', 'CESAR IVAN JIMENEZ GOMEZ', '0', 9, 1),
(409, '', 107, '155', 'LUIS GERARDO ROSALES MARTINEZ', '1', 9, 0),
(410, '', 107, '155', 'MARIA MARGARITA CASTILLO ORTEGA', '1', 4, 1),
(411, '', 107, '155', 'ROSALINDA ZARATE BARRIOS', '1', 9, 3),
(412, '', 107, '155', 'BRENDA GUADALUPE MEDINA ROCHA', '1', 6, 0),
(413, '', 107, '155', 'ANA LORENA CRUZ BOCANEGRA', '0', 12, 4),
(414, '', 107, '155', 'MARIA GUADALUPE TORRES MEDINA', '1', 10, 4),
(415, '', 108, '155', 'ANDREA MARTINEZ SANCHEZ', '1', 12, 1),
(416, '', 108, '155', 'LUIS FERNANDO DE LARA PIÑA', '0', 2, 0),
(417, '', 108, '155', 'ALEJANDRA MARTINEZ JUAREZ', '0', 4, 1),
(418, '', 108, '155', 'NESTOR EDUARDO XX ARANDA', '0', 5, 0),
(419, '', 108, '155', 'BRENDA CAROLINA RAMOS NORIEGA', '1', 116, 2),
(420, '', 108, '155', 'JUAN JOSE ALVAREZ CASTORENA', '0', 6, 1),
(421, '', 108, '155', 'MA CATALINA ZERMEÑO DIAZ', '0', 7, 2),
(422, '', 108, '155', 'ANITA ALVAREZ ANGUIANO', '0', 4, 0),
(423, '', 108, '155', 'ROSA MARIA XX CASTAÑEDA', '0', 7, 0),
(424, '', 108, '155', 'ELVIA ALICIA BERNAL ELIZONDO', '0', 8, 1),
(425, '', 108, '155', 'MARIA GUADALUPE ALTAMIRA RAMIREZ', '0', 5, 1),
(426, '', 108, '155', 'OSCAR IVAN CRUZ MARTINEZ', '0', 3, 1),
(427, '', 108, '155', 'MA GUADALUPE MARTINEZ DELGADO', '0', 2, 0),
(428, '', 108, '155', 'NORMA VALDES EUDAVE', '1', 13, 1),
(429, '', 108, '155', 'JOSE DE JESUS ALTAMIRA SAUCEDO', '1', 3, 0),
(430, '', 108, '156', 'INDIRA GRACIELA SALAS BRIONES', '0', 9, 0),
(431, '', 108, '156', 'LAURA MAYORGA GARCIA', '0', 3, 0),
(432, '', 108, '156', 'LAURA BERENICE ORTEGA PEREZ', '0', 5, 0),
(433, '', 108, '156', 'MA DEL CARMEN DE LUNA JAIME', '0', 3, 0),
(434, '', 108, '156', 'IRMA NORIEGA DE LA ROSA', '1', 2, 0),
(435, '', 108, '156', 'VERONICA LIZBETH GONZALEZ SERNA', '0', 6, 0),
(436, '', 108, '156', 'MA DE LOURDES ACOSTA LARA', '0', 8, 0),
(437, '', 108, '156', 'AGUSTIN DEL CASTILLO CASTAÑEDA', '0', 0, 0),
(438, '', 108, '167', 'ALVERICA ORTIZ PINEDA', '0', 0, 0),
(439, '', 108, '517', 'ALEJANDRA LIZBETH GARCIA LEOS', '0', 0, 0),
(440, '', 108, '518', 'MA GUADALUPE MARTINEZ GARCIA', '0', 0, 0),
(441, '', 108, '518', 'ERIKA PATRICIA SANCHEZ MARTINEZ', '0', 0, 0),
(442, '', 108, '518', 'JOSE EDUARDO SANCHEZ MARTINEZ', '0', 0, 0),
(443, '', 108, '518', 'JULIO CESAR SANCHEZ MARTINEZ', '0', 0, 0),
(444, '', 108, '518', 'MARIA DEL REFUGIO LOERA MORENO', '0', 0, 0),
(445, '', 108, '518', 'VICTOR MANUEL MORQUECHO OVIEDO', '0', 0, 0),
(446, '', 108, '519', 'LUCIA SANTILLAN FLORES', '0', 5, 0),
(447, '', 108, '520', 'ANGELICA RANGEL GARCIA', '0', 40, 0),
(448, '', 108, '520', 'LAURA ESTHELA VAZQUEZ FLORES', '0', 38, 2),
(449, '', 108, '521', 'ALICIA AVILA QUEZADA', '0', 1, 0),
(450, '', 108, '530', 'ALFONSO SOLORZANO GONZALEZ', '0', 5, 0),
(451, '', 108, '530', 'BRENDA JAZMIN DE LA ROSA ALBA', '0', 9, 0),
(452, '', 108, '593', 'LUZ MA TORRES DURON', '0', 0, 0),
(453, '', 108, '593', 'EMANUELA GOMEZ FLORES', '0', 0, 0),
(454, '', 108, '593', 'HECTOR JAVIER MOYER MONTOYA', '0', 11, 1),
(455, '', 108, '593', 'JUANA FABIOLA SILVA PEDROZA', '0', 2, 0),
(456, '', 109, '593', 'MA DE LOURDES XX GONZALEZ', '0', 8, 0),
(457, '', 109, '593', 'MA EVANGELINA RAMOS MARTINEZ', '0', 10, 0),
(458, '', 109, '593', 'IMELDA GONZALEZ HERNANDEZ', '0', 8, 0),
(459, '', 109, '593', 'DIANA PATRICIA VAZQUEZ RAMOS', '0', 3, 0),
(460, '', 110, '155', 'MA PATRICIA ESTRADA QUIROZ', '0', 9, 0),
(461, '', 110, '155', 'ALEJANDRA MORENO ROSALES', '0', 9, 0),
(462, '', 110, '155', 'MARTHA GABRIELA CANCINO MEJIA', '0', 9, 0),
(463, '', 111, '593', 'RITA MARTINEZ RAMIREZ', '0', 0, 0),
(464, '', 111, '593', 'MIRIAM CAROLINA VILLALOBOS GUEVARA', '0', 0, 0),
(465, '', 111, '593', 'JOSE ALFREDO SANCHEZ MARTINEZ', '0', 0, 0),
(466, '', 111, '593', 'FRANCISCO JAVIER MARTINEZ RAMIREZ', '0', 0, 0),
(467, '', 112, '157', 'FELIPE VIVERO M DEL CAMPO', '1', 1, 1),
(468, '', 113, '157', 'J ASENCION MORENO GUTIERREZ', '1', 9, 0),
(469, '', 113, '157', 'MA DEL CARMEN CUEVAS MOLINA', '0', 6, 0),
(470, '', 113, '157', 'MOISES EDUARDO ALONSO TORRES', '0', 6, 3),
(471, '', 113, '157', 'LUIS FERNANDO XX GOMEZ', '0', 6, 0),
(472, '', 114, '157', 'JORGE LUIS MORALES SANCHEZ', '0', 7, 3),
(473, '', 114, '157', 'ANGELICA MONTES GAYTAN', '0', 7, 0),
(474, '', 114, '157', 'CONSUELO ESCOBAR MARTINEZ', '1', 13, 1),
(475, '', 114, '157', 'HERLINDA MONTES GAYTAN', '1', 8, 1),
(476, '', 114, '157', 'MARIBEL MONTES GAYTAN', '0', 10, 1),
(477, '', 114, '157', 'ANA MARIA SANCHEZ SOTO', '1', 5, 0),
(478, '', 116, '157', 'SUSANA DEL CARMEN BONILLA RAMIREZ', '1', 0, 0),
(479, '', 116, '157', 'PEDRO LARA LARA', '1', 0, 0),
(480, '', 118, '157', 'MARIA MERCEDES RAMIREZ MALDONADO', '1', 14, 4),
(481, '', 119, '155', 'MA DE LOURDES MENDOZA MORALES', '0', 9, 0),
(482, '', 119, '157', 'ABRAHAM ASHAI MORALES SANCHEZ', '1', 28, 5),
(483, '', 119, '157', 'JESSICA DOLORES CHAVEZ MARIN', '1', 4, 1),
(484, '', 120, '155', 'ARELI VANESSA CANDELAS PEREZ', '0', 8, 2),
(485, '', 120, '164', 'SARA NITZI ARELLANO PADILLA', '0', 2, 0),
(486, '', 120, '164', 'GLORIA MARTINEZ PINELO', '1', 11, 2),
(487, '', 120, '164', 'JUAN BARRIOS JARA', '0', 9, 1),
(488, '', 120, '164', 'YAIR ZAPATA CORNELIO', '1', 10, 5),
(489, '', 120, '164', 'JUANA MARISELA GALLEGOS BARRIOS', '0', 10, 0),
(490, '', 120, '164', 'SILVIA BARRIOS CARREON', '0', 9, 1),
(491, '', 121, '164', 'SILVIA GOMEZ MORENO', '1', 7, 3),
(492, '', 121, '164', 'JUAN MEDINA SANTOS', '0', 11, 4),
(493, '', 121, '164', 'MARIA GONZALEZ HURTADO', '1', 6, 3),
(494, '', 121, '164', 'MARIA MORENO MARTINEZ', '0', 10, 0),
(495, '', 121, '164', 'REYES GOMEZ JUAREZ', '0', 12, 0),
(496, '', 122, '164', 'JUAN MANUEL DAVILA ALVAREZ', '1', 0, 0),
(497, '', 122, '164', 'MARTHA DE LA CRUZ HERNANDEZ', '0', 7, 4),
(498, '', 122, '164', 'ALICIA AGUILAR AGUILERA', '0', 12, 2),
(499, '', 122, '164', 'ORENCIA MEDINA VIRAMONTES', '1', 7, 1),
(500, '', 122, '164', 'MARGARITA REYES DELGADO', '1', 7, 2),
(501, '', 123, '164', 'FRANCISCA SERNA VILLAREAL', '1', 6, 4),
(502, '', 123, '164', 'OLIVIA FLORES MUÑOZ', '1', 9, 3),
(503, '', 123, '164', 'MA DEL CARMEN GASPAR GUTIERREZ', '0', 10, 0),
(504, '', 123, '164', 'OLGA PATRICIA AVILA MORENO', '0', 0, 0),
(505, '', 124, '164', 'MARIA TRINIDAD MIRELES BARBA', '0', 9, 3),
(506, '', 124, '164', 'JOSE MANUEL ZUÑIGA RODRIGUEZ', '1', 10, 2),
(507, '', 124, '164', 'SERGIO LUIS TAPIA SERRANO', '1', 10, 2),
(508, '', 124, '168', 'LILIA ARACELI CORREA FLORES', '0', 10, 3),
(509, '', 125, '164', 'LAURA VERONICA ESCOBEDO MORENO', '1', 8, 6),
(510, '', 125, '164', 'ESTEFANY DIAZ ORTIZ', '0', 5, 1),
(511, '', 125, '164', 'MARTHA ESTHELA LUEVANO ESPARZA', '0', 5, 3),
(512, '', 126, '164', 'JUAN ANDRES REYES MARTINEZ', '1', 12, 2),
(513, '', 126, '164', 'MARIA DE LOURDES DOMINGUEZ LOPEZ', '0', 12, 0),
(514, '', 126, '164', 'ALMA ROCIO CASTILLO CASTILLO', '0', 51, 7),
(515, '', 126, '164', 'ALEJANDRO CASTAÑEDA CASTAÑEDA', '1', 10, 1),
(516, '', 126, '164', 'LAURA ELENA VELOZ VALDEZ', '0', 10, 1),
(517, '', 126, '164', 'MAYRA LUCIA DE LA CRUZ LOPEZ', '0', 12, 0),
(518, '', 126, '164', 'ESPERANZA LOPEZ MACIAS', '0', 3, 1),
(519, '', 127, '164', 'MARIA DE JESUS GARCIA ALVAREZ', '1', 8, 1),
(520, '', 127, '164', 'JENNIFER PATRICIA BORJA RAMIREZ', '0', 7, 2),
(521, '', 128, '164', 'MANUEL VILLALOBOS CEJA', '0', 6, 3),
(522, '', 128, '164', 'TERESA DE JESUS MARTINEZ ORTIZ', '0', 3, 0),
(523, '', 128, '164', 'MARIA CRISTINA BLASQUEZ PAREDES', '0', 0, 0),
(524, '', 129, '164', 'ALEJANDRO NAVARRETE ROBLES', '1', 0, 0),
(525, '', 129, '164', 'SERGIO JHOVANI ESPARZA LOPEZ', '0', 4, 0),
(526, '', 130, '164', 'MA CRUZ CARREON LUEVANO', '1', 1, 0),
(527, '', 130, '164', 'JOSE ROBERTO NAJERA HUERTA', '0', 7, 3),
(528, '', 130, '164', 'ROBERTO NAJERA GARCIA', '0', 17, 4),
(529, '', 131, '164', 'MA PAZ CASILLAS PELAYO', '1', 0, 0),
(530, '', 131, '164', 'MA DEL CARMEN DE LUNA CORTEZ', '1', 1, 0),
(531, '', 132, '164', 'MA JOSEFINA GONZALEZ BAÑUELOS', '1', 0, 0),
(532, '', 132, '164', 'MARIA TERESA AGUADO BUSTOS', '0', 6, 1),
(533, '', 132, '164', 'ELISA GARCIA MIKEL', '0', 8, 1),
(534, '', 132, '164', 'ARACELI LOPEZ DIAZ', '0', 4, 0),
(535, '', 133, '164', 'JOSEFINA VALTIERRA DURAN', '0', 16, 3),
(536, '', 133, '164', 'SOLEDAD CELESTE ROMERO VALTIERRA', '0', 24, 1),
(537, '', 133, '164', 'BEATRIZ CHAVOYO ACERO', '1', 36, 9),
(538, '', 134, '164', 'ROBERTA PRECIADO GUDIÑO', '0', 1, 0),
(539, '', 134, '164', 'JOSE ROBERTO GUERRA LIMON', '0', 9, 0),
(540, '', 134, '164', 'JOAQUIN HORACIO GUERRA PRECIADO', '0', 0, 0),
(541, '', 134, '164', 'GLADYS JUDITH GUERRA PRECIADO', '0', 0, 0),
(542, '', 135, '164', 'ROSA ANGELICA SANCHEZ BUSTAMANTE', '0', 8, 0),
(543, '', 135, '164', 'FERNANDO SANCHEZ MIRAMONTES', '0', 7, 0),
(544, '', 135, '164', 'ROSALBA BOBADILLA LOPEZ', '0', 0, 0),
(545, '', 135, '164', 'JOSE LUIS BUSTAMANTE ROJAS', '0', 0, 0),
(546, '', 137, '164', 'DALIA SANTOS CHAVEZ RIVERA', '1', 10, 1),
(547, '', 137, '164', 'IRMA GARCIA SERNA', '1', 15, 4),
(548, '', 137, '164', 'JAIRO GONZALEZ RAMIREZ', '0', 10, 7),
(549, '', 137, '168', 'ALICIA ALCARAZ GONZALEZ', '1', 7, 1),
(550, '', 137, '168', 'VERONICA CASTRO ALCARAZ', '0', 7, 2),
(551, '', 137, '168', 'JUANA MARTINEZ BOCANEGRA', '0', 10, 1),
(552, '', 137, '164', 'SILVIA GUZMAN CUERVO', '1', 0, 0),
(553, '', 139, '164', 'NORMA ANGELICA GOMEZ GOMEZ', '0', 15, 4),
(554, '', 139, '164', 'MAYRA ELIZABETH BEATRIZ LARA', '0', 6, 2),
(555, '', 139, '164', 'BRENDA IVETTE ESPARZA OCHOA', '0', 10, 7),
(556, '', 139, '164', 'SILVIA TELLEZ HERRERA', '1', 10, 3),
(557, '', 140, '164', 'CELSO IVAN CASTRO CHAVEZ', '1', 4, 1),
(558, '', 140, '164', 'SHANTAL ELIZABETH PEREZ GARCIA', '0', 8, 5),
(559, '', 140, '164', 'JUANA MARIA LOPEZ LOPEZ', '1', 29, 6),
(560, '', 140, '164', 'FRANCISCO JAVIER DE LUNA MARTIN', '0', 0, 0),
(561, '', 140, '164', 'CLAUDIA DURON VALENCIA', '1', 0, 0),
(562, '', 140, '164', 'MARTHA ALICIA DIAZ AVALOS', '1', 4, 0),
(563, '', 140, '164', 'PATRICIA LOPEZ GALLEGOS', '1', 1, 0),
(564, '', 140, '164', 'LUZ BEATRIZ CASTRO CHAVEZ', '0', 0, 0),
(565, '', 141, '164', 'SARA LOPEZ LARIZ', '1', 12, 9),
(566, '', 141, '164', 'MARTHA PATRICIA CASTAÑEDA LUEVANO', '0', 8, 0),
(567, '', 141, '164', 'HUGO CASTAÑEDA LUEVANO', '0', 6, 3),
(568, '', 141, '164', 'HUGO CASTAÑEDA MORENO', '1', 2, 0),
(569, '', 143, '164', 'DONAJI ARIZA MARTINEZ', '0', 6, 4),
(570, '', 143, '164', 'DIANA CORTES CORDOVA', '0', 10, 5),
(571, '', 143, '164', 'RICARDO ENRIQUE XX RAMIREZ', '0', 8, 0),
(572, '', 143, '164', 'GUADALUPE BAEZA VEGA', '0', 6, 3),
(573, '', 144, '164', 'JAVIER ARTURO PEREZ HERNANDEZ', '0', 0, 0),
(574, '', 144, '164', 'MARIA DE LOURDES VENEGAS OROPEZA', '0', 0, 0),
(575, '', 144, '164', 'DANIELA MIREYA PEREZ GARCIA', '0', 0, 0),
(576, '', 145, '164', 'JESUS ARTURO RODRIGUEZ GARCIA', '1', 0, 0),
(577, '', 145, '164', 'MARTHA EMILIA MACIAS GONZALEZ', '0', 0, 0),
(578, '', 145, '164', 'EDER ALEJANDRO CANO MACIAS', '0', 0, 0),
(579, '', 146, '164', 'JULIETA RAMIREZ GONZALEZ', '1', 11, 5),
(580, '', 146, '164', 'ALEJANDRO RODRIGUEZ RAMIREZ', '1', 3, 1),
(581, '', 146, '169', 'MARIA GUADALUPE RODRIGUEZ RAMIREZ', '1', 8, 5),
(582, '', 146, '169', 'FRANCISCA RAMIREZ CARDONA', '1', 9, 1),
(583, '', 147, '164', 'IRMA GONZALEZ IBARRA', '0', 13, 3),
(584, '', 147, '164', 'VERONICA ALEJANDRA RANGEL GONZALEZ', '0', 9, 0),
(585, '', 147, '164', 'ROSA MARIA XX DE LA ROSA', '0', 6, 0),
(586, '', 147, '521', 'ILIANA DE LOURDES DIAZ SANCHEZ', '0', 11, 1),
(587, '', 148, '164', 'ALMA JAZMIN TAPIA SUAREZ', '0', 5, 3),
(588, '', 149, '164', 'MARIA GUADALUPE CAZARES ARMENTA', '0', 6, 2),
(589, '', 149, '164', 'JUAN MANUEL DUARDO MARTINEZ', '1', 9, 2),
(590, '', 149, '164', 'JOSE DE JESUS RODRIGUEZ SEGURA', '0', 0, 0),
(591, '', 150, '164', 'JOSE HERNANDEZ MUÑOZ', '0', 5, 1),
(592, '', 150, '164', 'JOSE HERNANDEZ CONTRERAS', '0', 6, 0),
(593, '', 150, '164', 'MA LUISA CONTRERAS MENDOZA', '0', 3, 0),
(594, '', 150, '164', 'SANDRA ASENATH HERNANDEZ CONTRERAS', '0', 9, 2),
(595, '', 151, '164', 'MA VERONICA GUARDADO SANCHEZ', '1', 10, 2),
(596, '', 151, '164', 'GERARDO ALBERTO TORRES LOPEZ', '0', 10, 6),
(597, '', 151, '164', 'MA CONCEPCION LOPEZ GARCIA', '1', 10, 1),
(598, '', 151, '169', 'EDGAR OMAR CHAVEZ SALAZAR', '0', 9, 4),
(599, '', 152, '164', 'DAVID EMMANUEL HERNANDEZ MONTOYA', '0', 10, 6),
(600, '', 152, '164', 'REBECA SAMANTHA HERNANDEZ MONTOYA', '0', 10, 2),
(601, '', 152, '164', 'MARTHA PATRICIA PADILLA RODRIGUEZ', '0', 3, 1),
(602, '', 152, '164', 'JOCELYN JORDANA SANDOVAL NIETO', '0', 4, 3),
(603, '', 152, '164', 'GUADALUPE SALAZAR GUTIERREZ', '1', 5, 0),
(604, '', 152, '164', 'HUMBERTO DIAZ DE LEON ESPARZA', '0', 5, 0),
(605, '', 152, '164', 'BLANCA ARACELI RODRIGUEZ RIVERA', '0', 10, 5),
(606, '', 153, '164', 'MA VICTORIA MONTERO ESPINOSA', '0', 3, 2),
(607, '', 153, '164', 'ALBERTINA CASTILLO CRUZ', '1', 13, 5),
(608, '', 153, '164', 'VICTORIA MARQUEZ DELGADO', '1', 8, 4),
(609, '', 153, '164', 'MA DEL RAYO PUGA ESTRADA', '1', 6, 1),
(610, '', 153, '164', 'CELIA HERNANDEZ BECERRA', '1', 7, 3),
(611, '', 153, '164', 'JUDITH ALEJANDRA VARGAS MARTINEZ', '1', 11, 5),
(612, '', 154, '164', 'JESUS CAAMAÑO MONROY', '0', 0, 0),
(613, '', 154, '164', 'ALFONSO SALAZAR PEREZ', '1', 0, 0),
(614, '', 155, '164', 'EDITH JUAREZ CASTRO', '1', 12, 1),
(615, '', 155, '164', 'ANDRES FLORES HERNANDEZ', '0', 0, 0),
(616, '', 155, '164', 'LILIA EUGENIA HERNANDEZ PERALTA', '0', 16, 1),
(617, '', 155, '164', 'MARGARITA RODRIGUEZ MIRAMONTES', '1', 1, 0),
(618, '', 156, '164', 'SERGIO ELOY ESQUIVEL PEÐALOZA', '1', 5, 2),
(619, '', 156, '164', 'ELVIRA GONZALEZ BARBA', '1', 5, 0),
(620, '', 156, '164', 'RAUL ESQUIVEL SILVA', '1', 9, 0),
(621, '', 156, '164', 'MARCO HUGO ESQUIVEL PEÐALOZA', '1', 10, 4),
(622, '', 157, '168', 'ADELA DEL ROSARIO SOSA MONTAÑEZ', '1', 6, 2),
(623, '', 157, '164', 'MARIA DEL SOCORRO GARCIA SALINAS', '0', 1, 0),
(624, '', 157, '164', 'MARIA MAGDALENA GOMEZ DE LIRA', '0', 0, 0),
(625, '', 157, '164', 'ELIZABETH LOERA QUEZADA', '0', 9, 0),
(626, '', 158, '164', 'VITA DE LEON PEREZ', '1', 8, 3),
(627, '', 158, '164', 'ARTURO LUNA LOPEZ', '0', 5, 1),
(628, '', 158, '164', 'MAGDALENA TREVIÑO CASTAÑEDA', '0', 8, 1),
(629, '', 161, '164', 'LIDIA FRANCO MARTINEZ', '0', 8, 3),
(630, '', 162, '168', 'MARIA CARMEN MARMOLEJO HERNANDEZ', '0', 4, 2),
(631, '', 162, '164', 'MARIA SYLVIA ISLAS RAMIREZ', '1', 7, 3),
(632, '', 162, '164', 'CYNTHIA VIVIANA MEDINA ISLAS', '1', 9, 3),
(633, '', 162, '164', 'MARIA HERMINIA HERNANDEZ ALEMAN', '0', 8, 2),
(634, '', 162, '164', 'FRANCISCA SANCHEZ RIVERA', '1', 7, 1),
(635, '', 162, '164', 'ISIDRA HERNANDEZ PEREZ', '1', 14, 5),
(636, '', 163, '164', 'SALVADOR LOPEZ ESCOBEDO', '0', 2, 1),
(637, '', 163, '168', 'MARIA JULISA BRIANO MELENDRES', '0', 7, 2),
(638, '', 163, '168', 'MA DEL REFUGIO ROMERO ARREDONDO', '1', 6, 5),
(639, '', 163, '169', 'MARIA ISABEL SILVA MUÑOZ', '1', 8, 1),
(640, '', 165, '164', 'MA GUADALUPE ESCOBEDO MUNGUIA', '1', 2, 0),
(641, '', 165, '164', 'PAULINA PRIETO GONZALEZ', '0', 5, 0),
(642, '', 165, '164', 'J VICTOR PRIETO MARTINEZ', '1', 13, 3),
(643, '', 165, '164', 'CLAUDIA IVONNE PRIETO GONZALEZ', '0', 10, 3),
(644, '', 166, '164', 'CLAUDIA CERVANTES LEOS', '0', 12, 4),
(645, '', 166, '164', 'ARLETTE IVONNE ALVARADO CERVANTES', '0', 10, 1),
(646, '', 166, '164', 'MARIA DEL PILAR HERNANDEZ CEBALLOS', '0', 10, 2),
(647, '', 166, '164', 'MARCO ANTONIO CALZADA LOZANO', '0', 11, 0),
(648, '', 167, '164', 'HAYDEE MENDOZA CERVANTES', '1', 2, 0),
(649, '', 167, '164', 'SOCORRO IVETTE CERVANTES DELGADO', '0', 9, 1),
(650, '', 167, '164', 'MARTHA ANGELICA GUERRERO REYES', '1', 9, 3),
(651, '', 168, '164', 'ERIKA LOERA GONZALEZ', '1', 8, 2),
(652, '', 168, '164', 'GUSTAVO LOERA GUTIERREZ', '0', 6, 1),
(653, '', 168, '164', 'HILDA SANVICENTE SOTO', '0', 0, 0),
(654, '', 169, '164', 'LAURA SAMANTHA ROMERO CLEMENTE', '1', 6, 1),
(655, '', 169, '164', 'CYNTHIA ROMERO CLEMENTE', '1', 8, 2),
(656, '', 169, '164', 'ANTONIO RODRIGUEZ GONZALEZ', '1', 10, 5),
(657, '', 169, '164', 'VICTOR MAURICIO HERNANDEZ GALINDO', '0', 10, 3),
(658, '', 169, '164', 'MARIANA ALEJANDRA ESPARZA JUAREZ', '1', 14, 2),
(659, '', 170, '168', 'JAIME MORALES GARCIA', '1', 8, 5),
(660, '', 170, '168', 'JOSE ALEJANDRO JIMENEZ PEREZ', '0', 10, 0),
(661, '', 170, '168', 'RICARDO MORALES PIZAÑA', '1', 10, 2),
(662, '', 170, '168', 'FELIPE DE JESUS RODRIGUEZ GARCIA', '0', 15, 3),
(663, '', 171, '165', 'MONICA GABRIELA MORAN ACOSTA', '0', 9, 4),
(664, '', 171, '165', 'LUIS RICARDO MARTINEZ OJEDA', '1', 8, 7),
(665, '', 171, '165', 'FRANCISCA OJEDA SANTIAGO', '1', 13, 5),
(666, '', 171, '165', 'MARIA GUADALUPE MEDINA MARTINEZ', '1', 11, 4),
(667, '', 415, '165', 'SILVIA HERNANDEZ REYES', '1', 11, 5),
(668, '', 415, '165', 'MARIA ROSALBA ALCALA CUELLAR', '1', 10, 2),
(669, '', 415, '165', 'BLANCA ESTHELA SALAS SAMBRANO', '0', 10, 4),
(670, '', 415, '169', 'GUILLERMO DE LUNA VALADEZ', '1', 10, 7),
(671, '', 172, '165', 'MA ROSALBA MARQUEZ LOPEZ', '1', 8, 1),
(672, '', 172, '165', 'MARICELA PERALES LOPEZ', '0', 10, 3),
(673, '', 172, '165', 'MARICELA LOPEZ MACIAS', '1', 12, 6),
(674, '', 172, '165', 'MARIA VERONICA MENDEZ GONZALEZ', '1', 10, 6),
(675, '', 173, '165', 'GISELA JOANNA REYNA DELGADO', '1', 10, 5),
(676, '', 173, '165', 'IRMA ILENIA POZO OCHOA', '0', 9, 4),
(677, '', 173, '165', 'SILVIA HERNANDEZ LUGO', '0', 9, 2),
(678, '', 173, '165', 'MARIA LUISA BUSTOS GARCIA', '1', 10, 5),
(679, '', 174, '165', 'ANA KAREN MUÑOZ ALEJANDRE', '0', 9, 3),
(680, '', 174, '165', 'ROSA MARIA MORENO MELGAREJO', '0', 10, 4),
(681, '', 174, '165', 'ERNESTO GARCES HERVERT', '0', 14, 2),
(682, '', 174, '165', 'ROSA ISELA HURTADO VALLEJO', '1', 10, 5),
(683, '', 175, '165', 'MARIA GABRIELA SEGOVIA ORTIZ', '0', 8, 2),
(684, '', 175, '165', 'FRANCISCO JAVIER BENITEZ NAVA', '0', 6, 4),
(685, '', 175, '165', 'SALVADOR SANCHEZ MEDINA', '1', 6, 3),
(686, '', 175, '165', 'SANDRA GEORGINA SEGOVIA ORTIZ', '0', 10, 6),
(687, '', 176, '165', 'JOSE JUAN CARDONA ARIAS', '1', 2, 1),
(688, '', 176, '165', 'MARINA LOMAS RODRIGUEZ', '0', 11, 3),
(689, '', 176, '165', 'GABRIELA REYES CALVILLO', '1', 10, 3),
(690, '', 176, '165', 'MARIA DE LOS ANGELES SOTO DOMINGUEZ', '1', 14, 2),
(691, '', 177, '165', 'REBECA MORA CASTAÑEDA', '0', 10, 3),
(692, '', 177, '165', 'CATALINA DEYANIRA GUTIERREZ SOLIS', '1', 11, 6),
(693, '', 177, '165', 'AMPARO CASTAÑEDA PEREZ', '0', 9, 2),
(694, '', 177, '165', 'JESUS MORA MONCIVAEZ', '0', 8, 2),
(695, '', 178, '165', 'SERGIO GARCIA VAZQUEZ', '0', 10, 2),
(696, '', 178, '165', 'BASILIA RAMIREZ ELIAS', '1', 10, 3),
(697, '', 178, '165', 'SERGIO GARCIA VELAZQUEZ', '1', 4, 2),
(698, '', 178, '165', 'ELIDIA GARCIA SANTES', '0', 11, 2),
(699, '', 178, '165', 'FRANCISCA JUAREZ ELIAS', '1', 10, 4),
(700, '', 179, '165', 'RAMON HERNANDEZ DELGADO', '1', 16, 3),
(701, '', 179, '165', 'JUANA ESPARZA GUTIERREZ', '1', 10, 4),
(702, '', 179, '165', 'MARTHA GABRIELA MARQUEZ ABARCA', '0', 9, 4),
(703, '', 180, '165', 'ELIZABETH OJEDA CHAVEZ', '1', 9, 4),
(704, '', 180, '165', 'MARIA GUADALUPE PIÑON BUSTOS', '0', 9, 3),
(705, '', 180, '165', 'JORGE OJEDA SANTIAGO', '1', 7, 3),
(706, '', 180, '165', 'RIGOBERTO CINTORA FERREIRA', '1', 2, 0),
(707, '', 181, '165', 'ENRIQUE MARTINEZ Y ROJAS', '0', 9, 5),
(708, '', 181, '165', 'LILIA GABRIELA OCHOA HERNANDEZ', '0', 10, 3),
(709, '', 181, '165', 'DIANA KARINA OCHOA OCHOA', '0', 11, 6),
(710, '', 182, '165', 'GLORIA STEFANY FUENTES GALLEGOS', '1', 11, 0),
(711, '', 182, '165', 'LILIANA ALEJANDRA GUTIERREZ VELAZQUEZ', '0', 9, 2),
(712, '', 182, '165', 'SILVIA RAMOS LOPEZ', '0', 13, 5),
(713, '', 182, '165', 'FRANCISCO JAVIER GUTIERREZ BELTRAN', '1', 10, 3),
(714, '', 184, '167', 'MAYRA MAGDALENA MAGDALENO DAVALOS', '1', 11, 2),
(715, '', 184, '167', 'SILVIA MUÑIZ DIAZ DE LEON', '0', 1, 0),
(716, '', 184, '167', 'ARACELI MACIAS DE LIRA', '0', 9, 2),
(717, '', 184, '167', 'JUAN FRANCISCO PADILLA DELGADO', '0', 10, 3),
(718, '', 185, '167', 'SALVADOR MACIAS MEDINA', '0', 8, 1),
(719, '', 185, '167', 'SANDRA NOEMI XX AMEZQUITA', '0', 7, 0),
(720, '', 185, '167', 'CLAUDIA IVETTE PARRA DAVALOS', '0', 10, 5),
(721, '', 185, '167', 'SONIA RAMIREZ ARENAS', '0', 8, 2),
(722, '', 186, '167', 'ELMA MARTINEZ CARMONA', '1', 9, 7),
(723, '', 186, '167', 'ROSA MARIA BALDERAS CASTILLO', '1', 0, 0),
(724, '', 186, '167', 'ALICIA GARCIA AVILA', '1', 9, 9),
(725, '', 186, '167', 'MA DE JESUS MACIAS LOPEZ', '1', 9, 3),
(726, '', 187, '167', 'MA CONCEPCION CAMPOS DELGADO', '1', 8, 3),
(727, '', 70, '155', 'MARICELA PATRICIA MACIAS', '0', 10, 5),
(728, '', 74, '155', 'JOSE RICARDO LOPEZ', '0', 3, 3),
(729, '', 81, '155', 'JUANA VALADEZ RODRIGUEZ', '1', 3, 0),
(730, '', 87, '155', 'JAIME CESAR BRIONES', '0', 5, 3),
(731, '', 112, '155', 'MARIA DEL CONSUELO CRUZ', '0', 9, 6),
(732, '', 96, '592', 'ESTHELA CRUZ CAMACHO', '0', 0, 0),
(733, '', 108, '155', 'NESTOR EDUARDO ARANDA', '0', 5, 0),
(734, '', 108, '155', 'ROSA MARIA CASTAÑEDA', '0', 7, 0),
(735, '', 112, '593', 'MA DE LOURDES GONZALEZ', '0', 8, 0),
(736, '', 113, '157', 'LUIS FERNANDO GOMEZ', '0', 6, 0),
(737, '', 120, '164', 'JUANA MARISELA GALLEGO BARRIOS', '1', 10, 1),
(738, '', 143, '164', 'RICARDO ENRIQUE RAMIREZ', '1', 8, 3),
(739, '', 147, '164', 'ROSA MARIA DE LA ROSA', '0', 6, 4),
(740, '', 185, '167', 'SANDRA NOEMI AMEZQUITA', '0', 7, 4),
(741, '', 187, '167', 'OLGA MARTINA LOPEZ RODRIGUEZ', '0', 6, 3),
(742, '', 187, '167', 'ROSSANA VALDEZ MEDINA', '1', 10, 2),
(743, '', 188, '167', 'ESTHELA MARTINEZ RAMIREZ', '0', 6, 3),
(744, '', 188, '167', 'IMELDA ALEJANDRA LOPEZ RAMOS', '0', 8, 0),
(745, '', 189, '169', 'MARIA DOLORES ARROYO AVILES', '0', 8, 1),
(746, '', 189, '169', 'YENDI MARISOL CRUZ ARROYO', '0', 6, 3),
(747, '', 190, '169', 'YADIRA JOSEFINA GUTIERREZ RODRIGUEZ', '1', 8, 4),
(748, '', 190, '169', 'ESTHELA PONCE', '1', 4, 3),
(749, '', 190, '169', 'CARLOS JIMENEZ ARELLANO', '1', 7, 2),
(750, '', 190, '168', 'PATRICIA ELIZABETH ARENAS DIAZ', '0', 14, 2),
(751, '', 192, '169', 'KARINA MARIELA RANGEL ALTAMIRA', '1', 21, 7),
(752, '', 192, '169', 'MA DEL CARMEN DIAZ PADILLA', '0', 7, 3),
(753, '', 192, '169', 'LUCIA ANGELICA GONZALEZ GAUCIN', '0', 4, 3),
(754, '', 192, '169', 'MARIA TERESA GAUCIN', '0', 10, 2),
(755, '', 193, '169', 'ROSA MA CORNEJO LOPEZ', '1', 0, 0),
(756, '', 193, '169', 'HILDA ROSARIO FLORES SANCHEZ', '1', 15, 5),
(757, '', 193, '169', 'TERECITA DE JESUS VALADEZ ARREDONDO', '1', 0, 0),
(758, '', 193, '169', 'ELIZABETH ANGEL VALADEZ', '1', 0, 0),
(759, '', 194, '169', 'CLAUDIA LILIANA ALVA MARTINEZ', '1', 7, 1),
(760, '', 194, '169', 'MA DE JESUS PEREZ MONTOYA', '1', 7, 3),
(761, '', 194, '169', 'ERICK LEONEL MACIAS LEDESMA', '0', 12, 0),
(762, '', 194, '169', 'PATRICIA TERESA RAMIREZ ALVAREZ', '1', 0, 0),
(763, '', 195, '169', 'JOSE FRANCISCO MORALES MARCIAL', '1', 9, 1),
(764, '', 195, '169', 'MARIA DEL SOCORRO SALAS DIAZ', '1', 5, 0),
(765, '', 196, '169', 'ROSA MARGARITA PEÑALOZA SERRANO', '0', 10, 1),
(766, '', 196, '169', 'JORGE LUIS HERNANDEZ MOTA', '1', 8, 4),
(767, '', 196, '169', 'MATILDE ALTAMIRA VILLA', '1', 0, 0),
(768, '', 197, '169', 'JUAN MIGUEL RAMIREZ NAJERA', '1', 11, 2),
(769, '', 197, '169', 'KARLA DANIELA FERNANDEZ JAIME', '1', 0, 0),
(770, '', 197, '169', 'ANA KARINA DOMINGUEZ SILVA', '1', 6, 1),
(771, '', 197, '169', 'EDGAR ARNULFO TORRES MEDINA', '1', 0, 0),
(772, '', 198, '169', 'VIRGINIA VELAZQUEZ VELAZQUEZ', '1', 0, 0),
(773, '', 198, '169', 'JORGE RICARDO RODRIGUEZ PULIDO', '0', 0, 0),
(774, '', 198, '169', 'MA DEL ROCIO PULIDO CALVILLO', '1', 6, 2),
(775, '', 198, '169', 'MARIA GUADALUPE ORTEGA MOTTU', '0', 0, 0),
(776, '', 199, '169', 'MARIA ELENA GAMEZ VAZQUEZ', '1', 0, 0),
(777, '', 199, '169', 'MARGARITA MARQUEZ DE LUNA', '1', 7, 0),
(778, '', 199, '170', 'JOSE ARNULFO TORRES ROMO', '1', 10, 0),
(779, '', 199, '170', 'MA DEL REFUGIO RODRIGUEZ RAMIREZ', '1', 0, 0),
(780, '', 200, '168', 'BLANCA PATRICIA FRIAS ESPARZA', '1', 0, 0),
(781, '', 200, '168', 'RAQUEL MARQUEZ SIFUENTES', '1', 0, 0),
(782, '', 200, '169', 'BRENDA AZUCENA ESPARZA CONTRERAS', '0', 0, 0),
(783, '', 200, '169', 'MARIA RINCON NAJERA', '0', 10, 0),
(784, '', 201, '169', 'ISRAEL LOPEZ ALTAMIRA', '0', 0, 0),
(785, '', 201, '169', 'MARIA DEL CARMEN MARTINEZ PALOMINO', '1', 10, 2),
(786, '', 201, '169', 'MARIA DE JESUS VALLALOBOS RAMIREZ', '0', 14, 1),
(787, '', 201, '169', 'MARIA DE LOURDES ORTIZ MARTINEZ', '0', 1, 0),
(788, '', 202, '155', 'BRENDA LOZANO LOZANO', '0', 8, 0),
(789, '', 202, '155', 'SANDRA ANGELICA MURO CENTENO', '0', 6, 0),
(790, '', 202, '155', 'JAZMIN DEL CARMEN GUZMAN VALENZUELA', '0', 6, 0),
(791, '', 202, '155', 'MICAELA ARECHIGA REYES', '0', 10, 0),
(792, '', 203, '168', 'BENITO ARENAS LIRA', '1', 7, 6),
(793, '', 203, '168', 'RAQUEL DE LIRA URZUA', '0', 6, 1),
(794, '', 203, '168', 'LAURA LETICIA ARENAS DIAZ', '1', 8, 2),
(795, '', 203, '168', 'NORMA ANGELICA VELASCO RAMIREZ', '1', 8, 2),
(796, '', 204, '169', 'EDGAR ALEJANDRO RAMIREZ VERA', '1', 0, 0),
(797, '', 204, '169', 'MA REYNALDA MARTINEZ LOPEZ', '1', 19, 5),
(798, '', 206, '170', 'MARVIN ALFREDO AGUILAR RODRIGUEZ', '1', 12, 5),
(799, '', 206, '170', 'ROSA MARIA HERNANDEZ CERVANTES', '1', 7, 2),
(800, '', 207, '170', 'MA DE LOURDES LOPEZ LOPEZ', '1', 12, 2),
(801, '', 207, '170', 'ANA LILIA CAZARES CRUZALTA', '1', 22, 10),
(802, '', 207, '170', 'MA EMA LIMON BARBOZA', '1', 0, 0),
(803, '', 207, '170', 'DALIA VANEZA SANTILLAN LIMON', '1', 10, 0),
(804, '', 208, '170', 'GABRIEL ALEJANDRO TORRES ASEVES', '0', 0, 0),
(805, '', 208, '170', 'EMMANUEL ADOLFO TORRES ACEVES', '0', 4, 3),
(806, '', 208, '170', 'JESUS CORNEJO MENDOZA', '1', 6, 5),
(807, '', 208, '170', 'JESUS CORNEJO AGUIRRE', '1', 7, 4),
(808, '', 209, '170', 'MARICRUZ ESQUIVEL GAMEZ', '0', 11, 4),
(809, '', 209, '170', 'MIGUEL ANGEL LOPEZ LOPEZ', '0', 1, 1),
(810, '', 209, '170', 'JUANA MA DE LUNA OLIVA', '0', 6, 0);
INSERT INTO `promotores` (`id_promotor`, `folio`, `id_jefe_manzana`, `seccion`, `promotor`, `voto`, `promovidos`, `reales`) VALUES
(811, '', 209, '170', 'LEONOR GAMEZ MORENO', '1', 0, 0),
(812, '', 210, '170', 'ROSA MARIA SANTACRUZ ARROYO', '1', 9, 0),
(813, '', 210, '170', 'FELIPE DE JESUS PASILLAS LEOS', '1', 7, 5),
(814, '', 210, '170', 'JUAN RICARDO GUADALUPE PASILLAS TORRES', '0', 16, 3),
(815, '', 211, '170', 'MA DEL CARMEN GUZMAN', '1', 0, 0),
(816, '', 211, '170', 'PEDRO CHAVEZ GUZMAN', '1', 0, 0),
(817, '', 211, '170', 'GRACIELA RAMOS COVARRUBIAS', '0', 0, 0),
(818, '', 212, '170', 'BLANCA ESMERALDA SOLIS SANCHEZ', '0', 2, 1),
(819, '', 212, '170', 'OLGA BERENICE SEGOVIA DE LEON', '1', 10, 4),
(820, '', 212, '170', 'MARIA DE LOURDES DIAZ GOMEZ', '1', 1, 0),
(821, '', 213, '170', 'ESMERALDA MARTINEZ SALAZAR', '1', 9, 2),
(822, '', 213, '170', 'BRENDA ALEJANDRA ALVAREZ TORRES', '1', 7, 2),
(823, '', 213, '170', 'MARGARITA QUIROZ RAMIREZ', '0', 8, 3),
(824, '', 213, '170', 'MARIA DE LOS ANGELES GONZALEZ LOPEZ', '1', 7, 1),
(825, '', 214, '170', 'MARIA CELIA CARMONA RANGEL', '0', 0, 0),
(826, '', 214, '170', 'MARIA CONCEPCION RODRIGUEZ BARRIENTOS', '1', 0, 0),
(827, '', 214, '170', 'ROSA DE JESUS GOMEZ ESQUEDA', '1', 9, 0),
(828, '', 214, '170', 'KARLA MONTZERRAT SOLIS SANCHEZ', '0', 1, 0),
(829, '', 214, '169', 'MA GUADALUPE BRISEÑO BONILA', '0', 0, 0),
(830, '', 214, '170', 'MARIA DEL SOCORRO ESQUEDA DIAZ', '1', 9, 4),
(831, '', 215, '170', 'JORGE ALBERTO PADILLA RODRIGUEZ', '0', 21, 10),
(832, '', 215, '170', 'ANA MA RAMIREZ BARRANCO', '1', 8, 4),
(833, '', 215, '170', 'JOSE MANUEL PADILLA ROQUE', '0', 8, 3),
(834, '', 215, '170', 'RAUL MACIAS NARVAEZ', '0', 9, 0),
(835, '', 215, '170', 'GLORIA ALONSO MORALES', '1', 1, 0),
(836, '', 215, '170', 'MARIA ELENA DIAZ AVELAR', '1', 9, 3),
(837, '', 216, '169', 'SILVIA HERNANDEZ MIRANDA', '1', 8, 1),
(838, '', 216, '170', 'MARIA GUADALUPE MENDEZ MACHUCA', '1', 10, 3),
(839, '', 216, '170', 'JOSE MANUEL MENDEZ MACHUCA', '1', 6, 3),
(840, '', 216, '170', 'MARTHA ALICIA MENDEZ MACHUCA', '1', 9, 4),
(841, '', 217, '170', 'TATIANA GUADALUPE TORRES', '0', 0, 0),
(842, '', 217, '170', 'ANA CECELIA FLORES', '1', 10, 4),
(843, '', 217, '170', 'MA FELICITAS TORRES PACHECO', '0', 7, 2),
(844, '', 217, '170', 'JOSE ISMAEL BRISEÑO', '1', 15, 7),
(845, '', 218, '170', 'LAURA ELENA TEJEDA SERNA', '1', 17, 3),
(846, '', 218, '170', 'TERESA CAMPOS LEOS', '0', 10, 2),
(847, '', 218, '170', 'HAYDE AURORA REYES CORDOVA', '0', 0, 0),
(848, '', 218, '170', 'ARACELI BECERRA PALOS', '0', 9, 3),
(849, '', 219, '170', 'ROSA MARIA SALAZAR', '0', 0, 0),
(850, '', 219, '170', 'GERARDO JAVIER GARCIA RUBALCAVA', '0', 10, 4),
(851, '', 219, '170', 'JUAN GERARDO GARCIA MEDINA', '1', 0, 0),
(852, '', 219, '170', 'KARIME GARCIA MEDINA', '0', 0, 0),
(853, '', 219, '170', 'MARIA MIRANDA MALDONADO', '1', 8, 1),
(854, '', 220, '170', 'MA DE LOS ANGELES SOTELO DELGADO', '1', 7, 6),
(855, '', 220, '170', 'MARIA ESPARZA RODRIGUEZ', '1', 9, 4),
(856, '', 220, '170', 'IRMA LETICIA ESPINO GOMEZ', '1', 0, 0),
(857, '', 221, '170', 'JUAN CARLOS ESPARZA RODRIGUEZ', '1', 10, 8),
(858, '', 221, '170', 'MA DEL ROSARIO CASTRO SALAS', '1', 10, 2),
(859, '', 221, '170', 'MARICELA TORRES PACHECO', '1', 9, 2),
(860, '', 221, '170', 'MA DE LOURDES TORRES PACHECO', '1', 10, 6),
(861, '', 222, '170', 'ARTURO GUERRERO SUSTAITA', '1', 10, 2),
(862, '', 222, '170', 'MARIA ELENA GUTIERREZ VENTURA', '1', 9, 0),
(863, '', 222, '170', 'GABRIELA MONTSERRAT GUERRERO GUTIERREZ', '0', 9, 0),
(864, '', 222, '170', 'ANDREA GUADALUPE GUERRERO GUTIERREZ', '0', 9, 0),
(865, '', 224, '518', 'DANIELA MELCHOR TORALES', '0', 9, 0),
(866, '', 224, '518', 'KARLA LUCERO MELCHOR TORALES', '0', 8, 0),
(867, '', 224, '518', 'ADRIAN MORENO VASQUEZ', '0', 6, 0),
(868, '', 225, '518', 'MARIA DE LOS ANGELES MORAN ARGUELLES', '0', 10, 0),
(869, '', 225, '518', 'IGNACIO MACIAS VALADEZ MARTINEZ', '0', 7, 0),
(870, '', 225, '518', 'JORGE ISIDRO GONZALEZ RANGEL', '0', 9, 0),
(871, '', 225, '518', 'JORGE ISIDRO GONZALEZ LOPEZ', '0', 8, 0),
(872, '', 225, '518', 'JORGE ALBERTO GONZALEZ LOPEZ', '0', 1, 0),
(873, '', 226, '518', 'MARIA DEL CARMEN MERCADO MAGADAN', '0', 11, 0),
(874, '', 226, '518', 'ISRAEL ALEJANDRO MARTINEZ GOMEZ', '0', 9, 4),
(875, '', 226, '518', 'OSCAR ALEJANDRO ALVAREZ GARCIA', '0', 16, 0),
(876, '', 227, '518', 'JUAN JESUS SORIANO CAMARENA', '0', 7, 0),
(877, '', 227, '518', 'SALVADOR MARTINEZ SILVA', '0', 6, 1),
(878, '', 227, '518', 'PAOLA GABRIELA MEJIA CASTILLO', '0', 11, 0),
(879, '', 227, '518', 'CRISTAL YAZMIN MEJIA CASTILLO', '0', 10, 0),
(880, '', 228, '518', 'CELIA SANCHEZ TAVAREZ', '0', 9, 1),
(881, '', 228, '518', 'MA GUADALUPE MACIAS FLORES', '0', 4, 0),
(882, '', 228, '518', 'M EVA ORALIA MUÑOZ FUENTES', '0', 7, 0),
(883, '', 228, '518', 'MARIA DE LOS ANGELES ZAVALA RODRIGUEZ', '0', 39, 0),
(884, '', 228, '518', 'M GUADALUPE MACIAS FLORES', '0', 13, 0),
(885, '', 229, '519', 'ARY NATANAEL ESQUEDA MARTINEZ', '0', 1, 0),
(886, '', 229, '519', 'ELIDA MA DEL ROSARIO VELASCO GALLEGOS', '0', 0, 0),
(887, '', 230, '519', 'MARIA ESTHER BALLIN MARTINEZ', '0', 8, 0),
(888, '', 230, '519', 'JUAN MANUEL QUEZADA CASTILLEJOS', '0', 11, 1),
(889, '', 230, '519', 'DULCE REFUGIO CRAVIOTO QUEZADA', '0', 9, 2),
(890, '', 230, '519', 'ANA ISABEL GARCIA RODRIGUEZ', '0', 5, 0),
(891, '', 230, '521', 'MA ELENA PADILLA GONZALEZ', '1', 14, 1),
(892, '', 231, '519', 'RAMONA DIAZ GARCIA', '0', 4, 0),
(893, '', 231, '519', 'MARIA DE LOURDES PEDROZA ROMERO', '0', 11, 0),
(894, '', 231, '519', 'MARTA VAZQUEZ MOLINA', '0', 10, 0),
(895, '', 231, '519', 'BERTHA YARETH MARTINEZ ARRIAGA', '0', 10, 0),
(896, '', 232, '519', 'RITA GONZALEZ LOPEZ', '0', 22, 0),
(897, '', 232, '519', 'ROSA MARIA GONZALEZ REYES', '0', 15, 1),
(898, '', 232, '519', 'JOSE MONROY MUÑOZ', '0', 8, 0),
(899, '', 232, '519', 'VIANHEY HERNANDEZ ULLOA', '0', 20, 1),
(900, '', 232, '519', 'MINERVA SOLIS CONTRERAS', '0', 5, 0),
(901, '', 232, '519', 'MONICA BARRAGAN FIGUEROA', '0', 0, 0),
(902, '', 232, '519', 'ALEJANDRA MORA BELTRAN', '0', 0, 0),
(903, '', 233, '519', 'ALBERTO ALVAREZ LOPEZ', '0', 7, 0),
(904, '', 233, '520', 'IMELDA MARES RODRIGUEZ', '0', 0, 0),
(905, '', 233, '520', 'OMAR ADRIAN HERNANDEZ MARES', '0', 5, 0),
(906, '', 233, '520', 'SOFIA NATALY RUVALCABA MUÑOZ', '0', 7, 0),
(907, '', 233, '520', 'MARIA DEL CARMEN MONTOYA RIVERA', '0', 0, 0),
(908, '', 234, '519', 'MARIA MAGDALENA LOPEZ HERNANDEZ', '0', 4, 0),
(909, '', 234, '519', 'ALEJANDRO LARA DE LA CRUZ', '0', 6, 0),
(910, '', 234, '519', 'ANGELES MARIA CALDERON MARTIN', '0', 10, 0),
(911, '', 234, '519', 'MERCEDES GARCIA LOPEZ', '0', 0, 0),
(912, '', 234, '519', 'GERARDO TRUJILLO CONTRERAS', '0', 8, 0),
(913, '', 236, '520', 'FELIPE GERARDO DE LA FUENTE GALICIA', '0', 12, 1),
(914, '', 236, '520', 'JUAN JESUS MENDIETA VAZQUEZ', '0', 9, 0),
(915, '', 236, '520', 'MARILU MELENDEZ PADILLA', '0', 11, 0),
(916, '', 237, '520', 'MARIA CONCEPCION RIVERA HERNANDEZ', '0', 7, 1),
(917, '', 237, '520', 'MA GUADALUPE TORRES CALDERON', '0', 8, 0),
(918, '', 237, '520', 'SAUL MARQUEZ GUILLEN', '0', 7, 1),
(919, '', 237, '520', 'ANA CRISTINA GARCIA', '0', 14, 1),
(920, '', 237, '520', 'LAURA GALLEGOS GUZMAN', '0', 10, 0),
(921, '', 238, '520', 'VICENTE ARREGUIN CASTRO', '0', 9, 1),
(922, '', 238, '520', 'JUANA ESPARZA HERNANDEZ', '0', 11, 0),
(923, '', 238, '520', 'FELIPE GUERRERO JUAREZ', '0', 2, 0),
(924, '', 239, '520', 'YURITZIN PRIEGO MEDINA', '0', 7, 0),
(925, '', 239, '520', 'PAOLA ALANIS LOZANO', '0', 9, 0),
(926, '', 239, '520', 'BLANCA ESTELA RODRIGUEZ MARTINEZ', '0', 6, 0),
(927, '', 239, '520', 'LETICIA LOZANO PEREZ', '0', 4, 0),
(928, '', 240, '521', 'VICTOR MANUEL SANCHEZ DELGADILLO', '1', 9, 3),
(929, '', 240, '521', 'ITZEL CAROLINA MATA ACERO', '1', 3, 2),
(930, '', 240, '521', 'MAYRA ALEJANDRA MATA ACERO', '1', 3, 2),
(931, '', 241, '521', 'MARIA DE JESUS ARREDONDO SANCHEZ', '1', 9, 1),
(932, '', 241, '521', 'MARIA DEL CARMEN HERNANDEZ VELASCO', '1', 9, 1),
(933, '', 241, '521', 'MA CONCEPCION MORA RODRIGUEZ', '1', 15, 4),
(934, '', 242, '521', 'MARIA DEL REFUGIO AVILA ARAUJO', '0', 0, 0),
(935, '', 243, '521', 'LIDIA GUADALUPE RODRIGUEZ QUEZADA', '1', 9, 1),
(936, '', 243, '521', 'MARIA ISABEL CHAVEZ BARBOSA', '1', 4, 1),
(937, '', 243, '521', 'LOURDES ROSARIO HERNANDEZ RODRIGUEZ', '1', 12, 1),
(938, '', 243, '521', 'MARY CARMEN LUEVANO SALAS', '0', 12, 3),
(939, '', 244, '522', 'CESAR CERVANTES LOPEZ', '0', 0, 0),
(940, '', 244, '522', 'JESUS MANUEL CERVANTES HERNANDEZ', '0', 13, 0),
(941, '', 244, '522', 'LUIS HUMBERTO MORALES ESTRADA', '0', 0, 0),
(942, '', 244, '522', 'KAREN ANDREA MARTINEZ', '0', 0, 0),
(943, '', 245, '522', 'J TRINIDAD FRAUSTO MARTINEZ', '0', 7, 0),
(944, '', 245, '522', 'ARACELI LOPEZ IBARRA', '0', 3, 0),
(945, '', 245, '522', 'NANCY VALDEZ SANCHEZ', '0', 8, 0),
(946, '', 245, '522', 'JUANA PORTILLO CHAVEZ', '0', 0, 0),
(947, '', 247, '522', 'OFELIA ESCOBEDO RAMIREZ', '0', 5, 0),
(948, '', 247, '522', 'ANTONIO MARTINEZ MARTINEZ', '0', 4, 0),
(949, '', 247, '522', 'MARIA DE JESUS LOPEZ MONSIVAIS', '0', 0, 0),
(950, '', 247, '522', 'GABRIELA IBARRA GONZALEZ', '0', 0, 0),
(951, '', 247, '522', 'JUAN ABASTA DURON', '0', 6, 0),
(952, '', 248, '522', 'JUAN ABASTA PERALES', '0', 16, 1),
(953, '', 248, '522', 'CARLOS ABASTA DURON', '0', 9, 0),
(954, '', 248, '522', 'ERNESTO LOPEZ IBARRA', '0', 15, 0),
(955, '', 248, '522', 'GIOVANNY ELIZABETH GONZALEZ GONZALEZ', '0', 9, 0),
(956, '', 248, '522', 'MARIA SUSANA DELGADO POBLANO', '0', 9, 0),
(957, '', 248, '522', 'RITA CARREON DE LIRA', '0', 10, 0),
(958, '', 248, '522', 'TERESITA DE JESUS HUERTA RUBIO', '0', 9, 0),
(959, '', 249, '155', 'MARIA DEL CARMEN MONTOYA ARISMENDIZ', '1', 10, 6),
(960, '', 249, '522', 'ALEJANDRA ANAHI RAMIREZ PAREDES', '0', 14, 0),
(961, '', 249, '522', 'MA ARGELIA MEDINA REYES', '0', 10, 0),
(962, '', 249, '522', 'VICTOR MANUEL CERVANTES LOPEZ', '0', 16, 0),
(963, '', 249, '522', 'JULIA AMALIA HORTENSIA ZURITA ALVAREZ', '0', 5, 0),
(964, '', 250, '523', 'MA GUADALUPE ORTIZ MARTINEZ', '0', 0, 0),
(965, '', 250, '523', 'MA ELENA LARA FRANCO', '1', 6, 0),
(966, '', 251, '523', 'MARIA GUADALUPE ARIAS LEON', '0', 9, 0),
(967, '', 251, '523', 'JANETTE AVILA CARREON', '0', 8, 2),
(968, '', 251, '523', 'MARTHA ALICIA TAVAREZ LOPEZ', '0', 8, 4),
(969, '', 251, '523', 'MIRIAM LIZBETH VELAZQUEZ ROCHA', '0', 8, 1),
(970, '', 252, '523', 'MA DE JESUS GUILLEN IBARRA', '0', 8, 1),
(971, '', 252, '523', 'LESLIE PATRICIA LOPEZ VALDIVIA', '1', 6, 3),
(972, '', 252, '523', 'MA JOSEFINA SUAREZ DE LA CRUZ', '0', 6, 0),
(973, '', 252, '523', 'ALMA DELIA LIMON SUAREZ', '1', 5, 0),
(974, '', 253, '523', 'ANTONIO DE JESUS IBARRA PIÑA', '1', 0, 0),
(975, '', 253, '523', 'MARIA DEL SOCORRO CASTAÑEDA LARA', '1', 6, 0),
(976, '', 112, '523', 'JUANA VIRIDIANA HERRERA PADILLA', '1', 11, 1),
(977, '', 253, '523', 'MARIA DE JESUS PADILLA RAMIREZ', '0', 12, 3),
(978, '', 254, '523', 'RAQUEL DE LA ROSA REYES', '0', 0, 0),
(979, '', 254, '523', 'ESPERANZA PAREDES LUEVANO', '0', 8, 3),
(980, '', 254, '523', 'JAIME ANTONIO PEREZ MARTINEZ', '0', 0, 0),
(981, '', 254, '523', 'MARIA DEL REFUGIO LOPEZ MONTAÑEZ', '0', 0, 0),
(982, '', 255, '156', 'MARIA DEL REFUGIO NERI JAIME', '0', 0, 0),
(983, '', 255, '523', 'JUANA ELIZABETH MONTOYA MORALES', '0', 5, 0),
(984, '', 255, '523', 'MARCELA PALOMAR VENEGAS', '0', 7, 1),
(985, '', 255, '523', 'KARLA IVON BAEZ MACIAS', '0', 5, 0),
(986, '', 255, '523', 'ROSA MARIA HERRERA CAMACHO', '1', 0, 0),
(987, '', 255, '523', 'JUAN ANTONIO BAEZ MACIAS', '0', 4, 1),
(988, '', 256, '524', 'LUIS OSCAR FRANCO DE LA TORRE', '0', 2, 0),
(989, '', 256, '524', 'CESAR GUADALUPE ALVAREZ AVILA', '0', 4, 0),
(990, '', 256, '524', 'VIRGINIA DE LA TORRE ROMERO', '0', 2, 0),
(991, '', 256, '524', 'NORMA LETICIA IBARRA ESPARZA', '0', 0, 0),
(992, '', 257, '524', 'PAOLA JACQUELINE LOPEZ VALENZUELA', '0', 6, 0),
(993, '', 257, '524', 'EDGAR FABIAN LOPEZ VALENZUELA', '0', 9, 0),
(994, '', 257, '524', 'AMELIA VALENZUELA LOERA', '0', 10, 0),
(995, '', 257, '524', 'DIANA MELISA LOPEZ VALENZUELA', '0', 7, 0),
(996, '', 258, '524', 'MA GUADALUPE AGUILAR SALAS', '0', 9, 0),
(997, '', 258, '524', 'MA DE LOS AGELES DURON SANCHEZ', '0', 6, 0),
(998, '', 258, '530', 'SILVIA CUEVAS CHAVEZ', '0', 0, 0),
(999, '', 258, '530', 'MA CELIA LOPEZ GUERRERO', '0', 9, 1),
(1000, '', 259, '524', 'ADRIAN VELOZ GONZALEZ', '0', 9, 1),
(1001, '', 259, '524', 'GUADALUPE NOE SERNA RUVALCABA', '0', 5, 0),
(1002, '', 259, '524', 'JUAN MANUEL TRINIDAD DAVILA', '0', 2, 0),
(1003, '', 259, '524', 'BLAS FERMIN TRINIDAD HERNANDEZ', '0', 0, 0),
(1004, '', 259, '524', 'CONSUELO TORRES BADILLO', '0', 5, 0),
(1005, '', 259, '524', 'JOSE GUADALUPE VELOZ GONZALEZ', '0', 1, 0),
(1006, '', 260, '155', 'MA LUISA PADILLA SOTO', '0', 0, 0),
(1007, '', 260, '524', 'JORGE RODRIGUEZ AMADOR', '0', 6, 0),
(1008, '', 260, '524', 'BLANCA CECILIA ESPARZA CARRILLO', '0', 8, 0),
(1009, '', 260, '524', 'LUIS ANTONIO ARENAS MIRELES', '0', 8, 1),
(1010, '', 260, '524', 'ANTONIA ROCHA GUERRERO', '0', 0, 0),
(1011, '', 260, '524', 'YOLANDA SALDOVAL HERNANDEZ', '0', 0, 0),
(1012, '', 260, '524', 'ELVIA MIRELES ALVAREZ', '0', 0, 0),
(1013, '', 261, '524', 'JOSE LUIS LOPEZ ORTEGA', '0', 5, 0),
(1014, '', 261, '524', 'MARIA ESTHER AMADOR MARIN', '0', 3, 0),
(1015, '', 261, '524', 'JUAN RODRIGUEZ VILLALOBOS', '0', 2, 0),
(1016, '', 261, '524', 'NANCY DEL REFUGIO ESPARZA CARRILLO', '0', 10, 0),
(1017, '', 261, '524', 'IRMA PATRICIA ESPARZA CARRILLO', '0', 9, 0),
(1018, '', 261, '524', 'RAQUEL CARDONA RODRIGUEZ', '0', 10, 0),
(1019, '', 261, '524', 'MARIA LILIANA ORTIZ BARBOSA', '0', 0, 0),
(1020, '', 261, '524', 'GABRIELA MUÑIZ PLASCENCIA', '0', 2, 0),
(1021, '', 261, '524', 'MA ESTHER GARCIA VERDIN', '0', 0, 0),
(1022, '', 262, '524', 'FELIPA IRENE GUTIERREZ', '0', 5, 0),
(1023, '', 262, '524', 'ALFREDO ORTIZ FERNANDEZ', '0', 4, 0),
(1024, '', 262, '524', 'GABRIEL VELOZ GONZALEZ', '0', 0, 0),
(1025, '', 262, '524', 'GLORIA CASTILLO TORRES', '0', 11, 0),
(1026, '', 262, '524', 'LIDIA IVONNE SERNA RUVALCABA', '0', 4, 0),
(1027, '', 262, '524', 'BRENDA LUCERO TRINIDAD HERNANDEZ', '0', 0, 0),
(1028, '', 263, '530', 'MARGARITA BECERRA MIRELES', '0', 2, 0),
(1029, '', 263, '530', 'MA ELENA SOTO ROBLEDO', '0', 3, 0),
(1030, '', 263, '530', 'VERONICA LOPEZ RODRIGUEZ', '0', 0, 0),
(1031, '', 263, '530', 'ROCIO ADRIANA FLORES DE LUNA', '0', 1, 0),
(1032, '', 264, '530', 'MA DEL SOCORRO MARES HERNANDEZ', '0', 5, 0),
(1033, '', 264, '530', 'MARITZA JEANETH JIMENEZ IBARRA', '0', 18, 0),
(1034, '', 264, '530', 'MARTHA HERNANDEZ ZAPIEN', '0', 8, 0),
(1035, '', 264, '530', 'LAZARO ALMAGUER RODRIGUEZ', '0', 8, 0),
(1036, '', 264, '530', 'SALVADOR ORTIZ TISCAREÑO', '0', 7, 0),
(1037, '', 265, '530', 'GERARDO HERNANDEZ RIOS', '0', 8, 0),
(1038, '', 265, '530', 'MARIA TERESA GONZALEZ RUBALCAVA', '0', 9, 0),
(1039, '', 265, '530', 'MARTHA GONZALEZ CARREON', '0', 6, 0),
(1040, '', 265, '530', 'MARIA DE LOS ANGELES LOPEZ RUIZ', '0', 8, 0),
(1041, '', 266, '530', 'YADIRA VALADEZ ESPARZA', '0', 6, 0),
(1042, '', 266, '530', 'RAUL CORREA GOMEZ', '0', 7, 0),
(1043, '', 266, '530', 'OSCAR CORREA GOMEZ', '0', 8, 0),
(1044, '', 266, '530', 'ANA MARIA CABRERA HERNANDEZ', '0', 5, 0),
(1045, '', 267, '530', 'MARIA DE LOS DOLORES LOZANO HERNANDEZ', '0', 10, 0),
(1046, '', 267, '530', 'JOSE CARLOS ORTEGA PEREZ', '0', 0, 0),
(1047, '', 268, '530', 'BLANCA ESTELA CASTILLO MARTINEZ', '0', 0, 0),
(1048, '', 270, '530', 'ROGELIO SANCHEZ PALOS', '0', 5, 0),
(1049, '', 270, '530', 'JORGE ARMANDO GARCIA SALAZAR', '0', 5, 0),
(1050, '', 270, '530', 'BRENDA FABIOLA GARCIA SALAZAR', '0', 9, 0),
(1051, '', 270, '530', 'ARTURO DAMASCO SALAS', '0', 11, 0),
(1052, '', 271, '530', 'MA DE LOS ANGELES PEREZ RODRIGUEZ', '0', 4, 0),
(1053, '', 272, '530', 'ZYANYA NEDJA ARJONA MOLINA', '0', 4, 0),
(1054, '', 272, '530', 'CARLOS ARTURO DAVILA RODRIGUEZ', '0', 1, 0),
(1055, '', 272, '530', 'RAFAEL CANO CAMACHO', '0', 19, 1),
(1056, '', 273, '530', 'MARIA EUGENIA MATAMOROS MORALES', '0', 8, 0),
(1057, '', 273, '530', 'JUANA MARIA PARRAS MORALES', '0', 10, 0),
(1058, '', 273, '530', 'MARIA MAGDALENA VILLA ALVARADO', '0', 8, 0),
(1059, '', 273, '530', 'MARIA GUADALUPE MARTINEZ HERNANDEZ', '0', 9, 0),
(1060, '', 273, '530', 'GLORIA MORALES ROMAN', '0', 10, 0),
(1061, '', 273, '530', 'LETICIA FUENTES MORALES', '0', 7, 0),
(1062, '', 274, '530', 'TERESA PADILLA RIVERA', '0', 5, 0),
(1063, '', 274, '530', 'MARIA DEL ROSARIO ROMERO', '0', 0, 0),
(1064, '', 274, '530', 'RAUL MARTINEZ OLAYO', '0', 0, 0),
(1065, '', 274, '530', 'ADAN ARENAS TAPIA', '0', 0, 0),
(1066, '', 274, '530', 'GRACIELA MARGARITA PEREZ MACIAS', '0', 0, 0),
(1067, '', 275, '164', 'MIGUEL RUBALCABA LOPEZ', '0', 2, 0),
(1068, '', 275, '164', 'ANA KARINA CARDONA PAREDES', '0', 1, 0),
(1069, '', 275, '164', 'JOSE ARTURO ESCAMILLA HERNANDEZ', '0', 5, 0),
(1070, '', 275, '168', 'MARLEN GARCIA BARCENAS', '0', 4, 0),
(1071, '', 276, '168', 'MA ISABEL TAVARES MUÑEZ', '0', 9, 2),
(1072, '', 276, '168', 'MARIA ELENA RODRIGUEZ LOZANO', '1', 15, 6),
(1073, '', 276, '168', 'MA DE LOS REMEDIOS PEREZ', '1', 9, 4),
(1074, '', 276, '168', 'MICHEL JONATHAN CHAVEZ REQUENES', '0', 10, 1),
(1075, '', 277, '168', 'SARA IBARRA HERNANDEZ', '1', 1, 0),
(1076, '', 277, '168', 'MARTHA ESTHER AVILA RODRIGUEZ', '0', 10, 4),
(1077, '', 277, '168', 'BERENICE CARDONA FIGUEROA', '1', 10, 7),
(1078, '', 277, '168', 'JOSE ALFREDO ZAMARRIPA VALADEZ', '1', 0, 0),
(1079, '', 278, '168', 'OSCAR MANUEL REYES ESPARZA', '1', 9, 1),
(1080, '', 278, '168', 'ANA ELIZABETH RODRIGUEZ LOZANO', '1', 4, 0),
(1081, '', 278, '168', 'BERTHA IMELDA ESPARZA MARTINEZ', '1', 10, 5),
(1082, '', 278, '168', 'MARTHA ALICIA GARCIA MARTINEZ', '1', 10, 2),
(1083, '', 279, '168', 'EDWIN SIMON TAPIA ESPINOZA', '0', 8, 1),
(1084, '', 279, '168', 'ANUBIS CRYSTAL TAPIA ESPINOZA', '1', 5, 1),
(1085, '', 279, '168', 'SIMON TAPIA SANTOYO', '1', 6, 1),
(1086, '', 279, '168', 'JULIETA IBARRA TORRES', '1', 7, 0),
(1087, '', 280, '168', 'VICTORIA FLORES MUÑOZ', '1', 6, 3),
(1088, '', 280, '168', 'ADRIANA CASIMIRA AVALOS DIAZ', '1', 9, 5),
(1089, '', 280, '168', 'MARIO LARA CABRERA', '1', 7, 5),
(1090, '', 280, '168', 'PAULA CORNEJO PEREZ', '1', 8, 4),
(1091, '', 281, '164', 'SANDRA PATRICIA UVALLE HERNANDEZ', '0', 11, 4),
(1092, '', 281, '164', 'IRLANDA YAMILE MARQUEZ MARMOLEJO', '0', 0, 0),
(1093, '', 281, '164', 'KAREN IZETH GARCIA BARCENAS', '0', 16, 7),
(1094, '', 281, '168', 'CLAUDIA VIRIDIANA HERNANDEZ CHAVEZ', '0', 9, 3),
(1095, '', 282, '168', 'BRENDA KARINA MACIAS NIEVES', '0', 9, 6),
(1096, '', 282, '168', 'SOCORRO NIEVES MONTAÑEZ', '1', 6, 3),
(1097, '', 282, '168', 'AARON ALEJANDRO ZAMARRIPA CORNEJO', '1', 8, 1),
(1098, '', 282, '168', 'LESVI CAROLINA VARGAS PONCE', '0', 9, 4),
(1099, '', 283, '169', 'MARILUPE JARA DURAN', '0', 7, 2),
(1100, '', 283, '169', 'PAOLA ALEJANDRA ZUÑIGA ESPARZA', '0', 3, 0),
(1101, '', 285, '168', 'MA CECILIA SANCHEZ LLAMAS', '0', 10, 3),
(1102, '', 285, '168', 'RODOLFO LOPEZ RUVALCABA', '0', 8, 6),
(1103, '', 285, '520', 'CELINA LOPEZ RODRIGUEZ', '0', 9, 2),
(1104, '', 285, '520', 'ARACELI LOPEZ RODRIGUEZ', '0', 10, 0),
(1105, '', 286, '155', 'JUANA MARTINEZ MARCIAL', '0', 0, 0),
(1106, '', 286, '164', 'MIRIAM KARINA GOMEZ LLAMAS', '0', 7, 1),
(1107, '', 286, '168', 'ALAN JAIR HERMOSILLO MARQUEZ', '0', 5, 0),
(1108, '', 286, '168', 'PATRICIA MARQUEZ GAZCON', '0', 15, 4),
(1109, '', 286, '168', 'CAROLINA NOEMI FRAUSTO LEOS', '0', 0, 0),
(1110, '', 287, '168', 'MARIA DE LOS ANGELES MEDINA DE LA ROSA', '1', 6, 1),
(1111, '', 287, '168', 'VERONICA MARICRUZ VALADEZ CORNEJO', '1', 17, 5),
(1112, '', 287, '168', 'ARCELIA VILLEGAS PONCE', '0', 12, 1),
(1113, '', 288, '164', 'VICENTA VARGAS SERNA', '0', 3, 1),
(1114, '', 288, '168', 'ELVIRA GUTIERREZ ESPARZA', '1', 9, 4),
(1115, '', 288, '168', 'BRENDA ANNALLELY MARTINEZ VELA', '1', 8, 1),
(1116, '', 288, '168', 'PAULA CHAVEZ NERI', '1', 6, 4),
(1117, '', 289, '168', 'MAYRA LUCERO RODRIGUEZ SUSTAITA', '1', 4, 1),
(1118, '', 289, '168', 'MARIA DOLORES HERNANDEZ ESPARZA', '1', 0, 0),
(1119, '', 289, '168', 'MARIA OFELIA GUTIERREZ VENTURA', '1', 9, 6),
(1120, '', 289, '169', 'IRMA ARACELI PLASCENCIA CHAVEZ', '0', 4, 0),
(1121, '', 290, '168', 'VERONICA SORIA OLAYO', '1', 10, 0),
(1122, '', 290, '168', 'HUMBERTO ENRIQUE GARCIA VAZQUEZ', '0', 18, 5),
(1123, '', 290, '168', 'WALTER PAUL CORTES MEDINA', '1', 14, 1),
(1124, '', 290, '168', 'MARGARITA GARCIA VAZQUEZ', '1', 11, 5),
(1125, '', 291, '164', 'CYNTHIA GUADALUPE RAMOS RIOS', '0', 0, 0),
(1126, '', 292, '164', 'JOSE HERNANDEZ AMADOR', '0', 0, 0),
(1127, '', 292, '168', 'MAYRA GUADALUPE MARTINEZ CARDONA', '0', 8, 2),
(1128, '', 292, '168', 'GLORIA SEGOVIA GALLEGOS', '1', 6, 2),
(1129, '', 293, '164', 'FABIAN SOLIS RODRIGUEZ', '0', 2, 0),
(1130, '', 293, '168', 'OFELIA AVALOS ASCENCIO', '1', 9, 3),
(1131, '', 293, '168', 'MA LUISA PEÑALOZA PIÑA', '1', 9, 3),
(1132, '', 293, '168', 'MA ELENA RIOS', '0', 9, 6),
(1133, '', 294, '164', 'ENRIQUE SALAS SALAZAR', '1', 6, 0),
(1134, '', 295, '168', 'IRENE VILLALOBOS MARTINEZ', '0', 0, 0),
(1135, '', 295, '168', 'ROBERTO HERNANDEZ GUZMAN', '0', 0, 0),
(1136, '', 295, '168', 'MARIA MAGDALENA SALCEDO REYES', '0', 0, 0),
(1137, '', 296, '168', 'JOSE LUIS MUÑIZ GUERRERO', '0', 1, 0),
(1138, '', 296, '168', 'MANUEL ALEJANDRO MORENO GUERRERO', '0', 0, 0),
(1139, '', 296, '168', 'ILDA LUCIA FERNANDEZ ESTRADA', '1', 2, 0),
(1140, '', 296, '168', 'JONATHAN EDUARDO SALAS URZUA', '1', 6, 0),
(1141, '', 298, '168', 'HECTOR GUSTAVO MURILLO CHAVEZ', '0', 6, 3),
(1142, '', 298, '168', 'NALLELY BARRERA SANCHEZ', '1', 0, 0),
(1143, '', 298, '168', 'EDUARDO BARRERA SANCHEZ', '1', 4, 1),
(1144, '', 298, '168', 'MARTIN LOPEZ VARGAS', '0', 6, 1),
(1145, '', 299, '168', 'IVAN SALAS SALAZAR', '1', 9, 3),
(1146, '', 299, '168', 'JOSE HIPOLITO TENORIO GUEVARA', '0', 11, 3),
(1147, '', 299, '168', 'MIGUEL ANGEL HUIZAR GUERRERO', '0', 8, 3),
(1148, '', 299, '168', 'ANA MARIA ARTEAGA PEREZ', '1', 10, 0),
(1149, '', 300, '168', 'LEANDRA GUTIERREZ RAMIREZ', '0', 9, 3),
(1150, '', 300, '168', 'BERTHA ALICIA SANCHEZ ACOSTA', '1', 0, 0),
(1151, '', 300, '168', 'MA DE LOS ANGELES LARA GUILLEN', '0', 7, 3),
(1152, '', 300, '18', 'CESAR DAVID MACIAS RODRIGUEZ', '0', 8, 4),
(1153, '', 301, '164', 'JESUS ORTA BENITEZ', '1', 0, 0),
(1154, '', 301, '168', 'TERESA DE JESUS ESPARZA RIOS', '1', 7, 1),
(1155, '', 301, '18', 'GLORIA MEDINA REYNAGA', '1', 0, 0),
(1156, '', 301, '168', 'FLORENCIA CAROLINA VAZQUEZ MONJARAS', '0', 6, 1),
(1157, '', 302, '168', 'MARIA DEL CARMEN ORTIZ RAMIREZ', '1', 7, 1),
(1158, '', 302, '168', 'MA DEL ROSARIO DIAZ GONZALEZ', '0', 5, 1),
(1159, '', 302, '169', 'ANGELICA MARIA NAVARRO GARCIA', '0', 3, 1),
(1160, '', 303, '168', 'EMIKO KINGI ZUÑIGA', '0', 18, 6),
(1161, '', 303, '168', 'MARIA DOLORES MARTINEZ DE LA CRUZ', '1', 6, 3),
(1162, '', 303, '168', 'ESTHER ROSALES CHAVEZ', '1', 10, 1),
(1163, '', 303, '168', 'REBECA VALDIVIA HERNANDEZ', '1', 0, 0),
(1164, '', 303, '168', 'JUAN CARLOS GUTIERREZ LUEVANO', '1', 6, 0),
(1165, '', 303, '168', 'MARIA DE LA PAZ ORTEGA VALDIVIA', '1', 6, 2),
(1166, '', 304, '168', 'CARLOS ANTONIO SANCHEZ REYES', '1', 0, 0),
(1167, '', 305, '168', 'MARIA ESTHELA PAREDES ELIAS', '1', 5, 1),
(1168, '', 305, '168', 'MARCELA ALEJANDRA ESPARZA RIOS', '1', 7, 5),
(1169, '', 305, '168', 'LAURA ELENA LIMON GARCIA', '0', 8, 5),
(1170, '', 305, '168', 'MA DEL SOCORRO MELENDEZ CALZADA', '1', 12, 6),
(1171, '', 306, '164', 'MARIA DE LOURDES MEDINA RODRIGUEZ', '0', 4, 0),
(1172, '', 306, '168', 'SALVADOR CORONADO VILLALVASO', '1', 8, 4),
(1173, '', 306, '168', 'EDUARDO ERNESTO GAMIZ MERAZ', '1', 13, 4),
(1174, '', 306, '168', 'VERONICA ROJO VILLANUEVA', '1', 32, 3),
(1175, '', 307, '514', 'NOMINANDA PALACIOS RAMOS', '0', 0, 0),
(1176, '', 307, '514', 'MARIA DEL CARMEN SANCHEZ VIVERO', '0', 0, 0),
(1177, '', 308, '514', 'MIGUEL ANGEL CERVANTES MACIAS', '0', 0, 0),
(1178, '', 308, '514', 'JOSE ALFREDO CERVANTES MACIAS', '0', 0, 0),
(1179, '', 308, '514', 'MARY BELL RODRIGUEZ RODRIGUEZ', '0', 0, 0),
(1180, '', 308, '514', 'MARIA GUADALUPE CERVANTES MACIAS', '0', 0, 0),
(1181, '', 309, '514', 'MARIA HILARIA VAZQUEZ RIVERA', '0', 0, 0),
(1182, '', 309, '514', 'JESUS EMILIO LUNA GUERRERO', '0', 14, 0),
(1183, '', 309, '514', 'ROBERTO DAVID GARCIA SALAS', '0', 0, 0),
(1184, '', 309, '514', 'LUCIA MARIBEL VALADEZ MARTINEZ', '0', 0, 0),
(1185, '', 310, '514', 'NOE ALEXIS GARCIA ELIAS', '0', 0, 0),
(1186, '', 310, '514', 'NOE SELIM GARCIA CAJERO', '0', 7, 0),
(1187, '', 310, '514', 'ANDREA VELA SANDOVAL', '0', 9, 0),
(1188, '', 310, '516', 'JOSE FRANCISCO MARTINEZ UBARIO', '0', 2, 0),
(1189, '', 311, '515', 'JOSE SEBASTIAN TOVAR VIRAMONTES', '0', 2, 0),
(1190, '', 311, '515', 'DOLORES LLAMAS FLORES', '0', 0, 0),
(1191, '', 311, '515', 'JUANA PATRICIA GALLEGOS CARDONA', '0', 5, 0),
(1192, '', 312, '515', 'ARACELI GONZALEZ MUÑOZ', '0', 0, 0),
(1193, '', 312, '515', 'RUBEN MARTINEZ ROMO', '0', 0, 0),
(1194, '', 312, '515', 'MARIA GUADALUPE DELGADO RIVERA', '0', 0, 0),
(1195, '', 312, '515', 'TOMASA MARTINEZ GAYTAN', '0', 0, 0),
(1196, '', 313, '514', 'MA DEL CARMEN GARCIA RODRIGUEZ', '0', 8, 0),
(1197, '', 313, '515', 'YAKIRA NITZANIT DE LA ROSA ORTIZ', '0', 23, 0),
(1198, '', 313, '515', 'MARICRUZ MARTINEZ GARCIA', '0', 8, 0),
(1199, '', 313, '515', 'NOE ARAHAM DE LA ROSA ORTIZ', '0', 1, 0),
(1200, '', 313, '515', 'SANJUANA VEGA GARCIA', '0', 6, 0),
(1201, '', 313, '515', 'MA DEL REFUGIO REYES IBARRA', '0', 1, 0),
(1202, '', 313, '515', 'OFELIA AVALOS CASILLAS', '0', 10, 0),
(1203, '', 314, '516', 'ROSA MARIA CONTRERAS VAZQUEZ', '1', 10, 4),
(1204, '', 314, '516', 'SEBASTIAN HERNANDEZ HERNANDEZ', '0', 10, 1),
(1205, '', 314, '516', 'ELIZABETH MARGARITA GARCIA MARTINEZ', '1', 10, 3),
(1206, '', 314, '516', 'ANGELICA SELENE HERNANDEZ CONTRERAS', '1', 10, 0),
(1207, '', 315, '516', 'ROBERTO LOERA RODRIGUEZ', '0', 18, 1),
(1208, '', 315, '516', 'HUMBERTO DE JESUS RODRIGUEZ DUEÑAS', '0', 9, 5),
(1209, '', 315, '516', 'PATRICIA DE LUNA', '0', 34, 2),
(1210, '', 315, '516', 'MARIA VAZQUEZ LOZOYA', '0', 7, 2),
(1211, '', 316, '516', 'JESSICA GUTIERREZ DIAZ', '1', 6, 0),
(1212, '', 316, '516', 'BRENDA ARELY MARTINEZ', '0', 10, 1),
(1213, '', 316, '516', 'KARLA YESENIA MORENO HERNANDEZ', '0', 8, 2),
(1214, '', 316, '516', 'MARICELA GUTIERREZ MONTOYA', '1', 7, 4),
(1215, '', 317, '516', 'MARIA DEL SOCORRO SERNA', '0', 8, 1),
(1216, '', 317, '516', 'LETICIA MARTINEZ DELGADO', '0', 16, 1),
(1217, '', 317, '516', 'JUANA MARIA ROQUE LARIOS', '0', 9, 3),
(1218, '', 317, '516', 'AURORA DEL ROCIO ROQUE LARIOS', '0', 10, 1),
(1219, '', 318, '516', 'LAURA KEILA ORTIZ BARBOSA', '0', 7, 1),
(1220, '', 318, '516', 'PATRICIA DURAN RODRIGUEZ', '0', 7, 3),
(1221, '', 319, '516', 'MARTHA YOLANDA LOPEZ CARPIO', '0', 4, 0),
(1222, '', 319, '516', 'MAURA HERNANDEZ HERNANDEZ', '1', 10, 3),
(1223, '', 319, '516', 'HILARIA NIEVES GOMEZ', '0', 18, 3),
(1224, '', 319, '516', 'GRACIELA COLIN MONTES', '0', 16, 1),
(1225, '', 320, '516', 'ESMERALDA DUEÑAS ESPINO', '0', 0, 0),
(1226, '', 112, '516', 'JUAN ALFONSO AGUILAR ESQUEDA', '1', 10, 1),
(1227, '', 320, '516', 'YOLANDA ROCHA MUÑOZ', '0', 7, 0),
(1228, '', 320, '516', 'KARINA RODRIGUEZ DE LIRA', '0', 0, 0),
(1229, '', 321, '517', 'MA ISABEL PELAYO CAZAREZ', '0', 6, 2),
(1230, '', 321, '517', 'CRISTIAN GIOVANNI HERNANDEZ YAÑEZ', '1', 0, 0),
(1231, '', 321, '517', 'MARGARITA SAUCEDO LOPEZ', '0', 10, 4),
(1232, '', 321, '517', 'MA GUADALUPE YAÑEZ BARRON', '1', 0, 0),
(1233, '', 322, '514', 'JUANA MARIA RODRIGUEZ PEREZ', '0', 4, 0),
(1234, '', 322, '517', 'JOSE MANUEL GARZA MARTINEZ', '1', 9, 5),
(1235, '', 322, '517', 'MARIA DEL CARMEN LEOS GOMEZ', '0', 10, 1),
(1236, '', 322, '517', 'MARCELA ELIZABETH GALLEGOS ROMAN', '1', 10, 4),
(1237, '', 322, '519', 'ROXANA BERENICE GALVAN GARNICA', '0', 7, 0),
(1238, '', 323, '517', 'MARCO ANTONIO LOZANO VELOZ', '1', 0, 0),
(1239, '', 323, '517', 'JOSE LUIS NUÑEZ ROMO', '0', 0, 0),
(1240, '', 325, '156', 'JOSE HECTOR ARELLANO HERNANDEZ', '1', 0, 0),
(1241, '', 325, '156', 'ALMA DELIA GARCIA DELGADO', '0', 0, 0),
(1242, '', 326, '156', 'ALFREDO MONTAÑEZ ESPARZA', '1', 10, 1),
(1243, '', 326, '156', 'SUSANA MONTAÑEZ SALAS', '1', 8, 0),
(1244, '', 326, '156', 'AMPARO SALAS ZAPATA', '0', 18, 2),
(1245, '', 326, '156', 'LORENA GRACIELA VALENZUELA ESPARZA', '1', 37, 9),
(1246, '', 328, '156', 'DAMARIS ADANELY ESPARZA ALBA', '0', 7, 0),
(1247, '', 328, '156', 'MA YSIDRA MARTINEZ GOMEZ', '0', 6, 1),
(1248, '', 328, '156', 'ENRIQUE VAZQUEZ LOPEZ', '0', 13, 0),
(1249, '', 329, '156', 'LAURA MENDOZA', '0', 0, 0),
(1250, '', 329, '156', 'JOSE DOLORES ALONSO RAMIREZ', '0', 0, 0),
(1251, '', 329, '156', 'ROSALBA MEDINA LOPEZ', '0', 12, 1),
(1252, '', 330, '156', 'JUAN ANTONIO RODRIGUEZ DIAZ', '0', 0, 0),
(1253, '', 330, '156', 'ESTELA ELVIRA ROBLES MARTINEZ', '0', 0, 0),
(1254, '', 331, '156', 'JACQUELINE ALEJANDRA LOPEZ RAMIREZ', '1', 0, 0),
(1255, '', 331, '156', 'GLORIA ELIZABETH AMADOR MORENO', '0', 0, 0),
(1256, '', 331, '156', 'ZAIRA GUADALUPE HERNANDEZ PEREZ', '1', 0, 0),
(1257, '', 331, '156', 'YOLANDA HERNANDEZ RODRIGUEZ', '1', 0, 0),
(1258, '', 332, '156', 'ANTONIO MEJIA GOMEZ', '1', 0, 0),
(1259, '', 332, '156', 'GRACIELA JIMENEZ CRUZ', '1', 0, 0),
(1260, '', 332, '156', 'JUANA TERESA TORRES LOPEZ', '0', 1, 0),
(1261, '', 332, '156', 'REBECA NIEVES RAMIREZ', '0', 0, 0),
(1262, '', 333, '156', 'GLORIA ANGELICA MONTES RODRIGUEZ', '1', 10, 4),
(1263, '', 333, '156', 'MARIA DE LOS ANGELES MONTES RODRIGUEZ', '0', 0, 0),
(1264, '', 333, '156', 'JOSE MANUEL GARCIA GONZALEZ', '1', 0, 0),
(1265, '', 333, '156', 'MARTIN RAMOS RANGEL', '0', 1, 0),
(1266, '', 334, '156', 'AARON RAFAEL MARTINEZ GALVAN', '0', 10, 3),
(1267, '', 334, '156', 'ADRIANA ZAMORA SAUCEDO', '0', 12, 1),
(1268, '', 334, '156', 'GLORIA RUELAS', '1', 0, 0),
(1269, '', 334, '156', 'ISABEL GUADALUPE RAMIREZ HERRERA', '1', 0, 0),
(1270, '', 335, '156', 'NATALI GUARDIOLA DUQUE', '1', 0, 0),
(1271, '', 335, '156', 'DANIELA RODRIGUEZ ESPARZA', '0', 1, 0),
(1272, '', 335, '156', 'ANA MARIA CHAVEZ TRUJILLO', '0', 1, 0),
(1273, '', 335, '156', 'MA DEL CARMEN ESPARZA MARTINEZ', '1', 0, 0),
(1274, '', 336, '156', 'JOVA CALZADA SANCHES', '0', 0, 0),
(1275, '', 336, '156', 'POMPOSO VAZQUEZ FRANCO', '0', 0, 0),
(1276, '', 336, '156', 'EVELIA SANDOVAL PALOMINO', '1', 0, 0),
(1277, '', 336, '156', 'PAOLA ELIZABETH SALAS SALAS', '0', 0, 0),
(1278, '', 337, '156', 'JOSE LUIS MUÑOZ SABAS', '1', 0, 0),
(1279, '', 337, '156', 'JOSE LUIS MUÑOZ RAMIREZ', '1', 0, 0),
(1280, '', 337, '156', 'ESPERANZA RAMIREZ MARMOLEJO', '1', 20, 1),
(1281, '', 337, '156', 'ANA ISABEL DURON CRUZ', '1', 6, 0),
(1282, '', 338, '156', 'OMAR EDUARDO MACIAS MOJARRO', '1', 9, 4),
(1283, '', 338, '156', 'JOUDELITTE STEFANY PARGA NAVARRO', '0', 7, 4),
(1284, '', 338, '156', 'MA DEL CARMEN MAGAÑA RAYGOZA', '1', 9, 5),
(1285, '', 338, '156', 'JUAN ROBERTO MACIAS MOJARRO', '0', 7, 1),
(1286, '', 339, '156', 'NALLELI IRENE DON ZUÑIGA', '0', 0, 0),
(1287, '', 339, '156', 'BLANCA LILIANA MEDINA HERNANDEZ', '0', 5, 1),
(1288, '', 342, '156', 'MARTHA ELENA MENDEZ HERNANDEZ', '1', 0, 0),
(1289, '', 342, '156', 'MONICA DEL ROCIO VAZQUEZ CALZADA', '0', 0, 0),
(1290, '', 342, '156', 'FATIMA FABIOLA HERNANDEZ', '0', 0, 0),
(1291, '', 342, '156', 'MA DE LA LUZ HERNANDEZ IBARRA', '1', 15, 0),
(1292, '', 343, '156', 'MARIA ESTHER ESQUIVEL ANAYA', '0', 0, 0),
(1293, '', 343, '156', 'DIANA MARIA RIOS VAZQUEZ', '0', 0, 0),
(1294, '', 343, '156', 'MARIA CRISTINA GUZMAN ESQUIVEL', '0', 0, 0),
(1295, '', 343, '156', 'IMELDA PIÑA SANTILLAN', '1', 0, 0),
(1296, '', 343, '156', 'ENRIQUE GARCIA CUEVAS', '1', 6, 0),
(1297, '', 343, '156', 'BRYAN ALEJANDRO PIÑA SANTILLAN', '0', 4, 0),
(1298, '', 344, '156', 'MA GUADALUPE RUBALCAVA LOPEZ', '1', 0, 0),
(1299, '', 344, '156', 'VALENTINA FLORES PICAZO', '1', 0, 0),
(1300, '', 344, '156', 'SERGIO DE LA ROSA PALOMO', '1', 2, 0),
(1301, '', 344, '156', 'MA VIRGINIA MARTINEZ MONTOYA', '1', 0, 0),
(1302, '', 345, '156', 'MARIA GUADALUPE DELGADILLO MORENO', '1', 1, 0),
(1303, '', 345, '156', 'KARLA PAOLA MARTINEZ GONZALEZ', '1', 0, 0),
(1304, '', 345, '156', 'HERMILA SOLIS MARTINEZ', '1', 1, 0),
(1305, '', 345, '156', 'BLANCA EDITH CUELLAR ARAIZA', '1', 10, 2),
(1306, '', 345, '156', 'MIRIAM TIRADO MARTINEZ', '1', 5, 2),
(1307, '', 346, '156', 'JAZMIN ALEJADRA GONZALEZ LANDEROS', '0', 0, 0),
(1308, '', 346, '156', 'ANGELICA RODRIGUEZ ESPARZA', '1', 0, 0),
(1309, '', 346, '156', 'RAQUEL OLEA RAMOS', '1', 5, 1),
(1310, '', 346, '156', 'EUSEBIO OLEA SALDAÑA', '0', 0, 0),
(1311, '', 347, '156', 'JOSE LUIS GALVAN DE LA TORRE', '0', 5, 2),
(1312, '', 347, '156', 'JUANA ESTHER LOPEZ LOPEZ', '0', 10, 0),
(1313, '', 347, '156', 'ARTURO ZAVALA SALAZAR', '0', 0, 0),
(1314, '', 347, '156', 'MARIA CHERRY APODACA NUÑO', '1', 22, 2),
(1315, '', 348, '156', 'IRMA MARTINEZ ESCOBEDO', '1', 0, 0),
(1316, '', 348, '156', 'IVON ITZEL MARTINEZ MARTINEZ', '1', 1, 0),
(1317, '', 348, '156', 'ARMANDO LOZANO NAVARRO', '1', 0, 0),
(1318, '', 349, '156', 'IRMA ROSARIO GALAVIZ ARRIAGA', '0', 0, 0),
(1319, '', 349, '156', 'JORGE ARTURO HERNANDEZ HERNANDEZ', '0', 0, 0),
(1320, '', 349, '156', 'SARA PATRICIA RUBALCAVA GONZALEZ', '1', 0, 0),
(1321, '', 349, '156', 'ZINIA MARCELA MOCIVAIS MARTINEZ', '1', 0, 0),
(1322, '', 350, '156', 'MA DOLORES ARRIAGA GUEVARA', '0', 0, 0),
(1323, '', 350, '156', 'ROBERTO TORRES HERNANDEZ', '1', 0, 0),
(1324, '', 350, '156', 'GLORIA PEREZ ZAPATA', '0', 0, 0),
(1325, '', 350, '156', 'ARMANDO VALENZELA MARTINEZ', '0', 0, 0),
(1326, '', 351, '156', 'JUANA YAZMIN GONZALEZ DURON', '0', 6, 1),
(1327, '', 351, '156', 'MIGUEL ANGEL DAVILA MOTA', '0', 0, 0),
(1328, '', 351, '156', 'ELIA MOTA ALBA', '1', 0, 0),
(1329, '', 351, '156', 'YESSICA ZARELLY CASTILLO GARCIA', '0', 0, 0),
(1330, '', 351, '156', 'ROCIO MEDINA CORTES', '1', 1, 0),
(1331, '', 352, '156', 'MA GUADALUPE SILVA RUIZ', '1', 8, 2),
(1332, '', 352, '156', 'JANET MIRIAM CARRETO ZARZA', '1', 0, 0),
(1333, '', 352, '156', 'DANIEL GALVAN ARGANDOÑA', '1', 0, 0),
(1334, '', 353, '156', 'NALLELI CARMINA TORRES NIEVES', '0', 0, 0),
(1335, '', 353, '156', 'LLUVIA YURITZY CARDOZA MARTINEZ', '1', 0, 0),
(1336, '', 354, '156', 'PRISCILA IVETH GONZALEZ SANCHEZ', '1', 0, 0),
(1337, '', 354, '156', 'ANGELICA LOPEZ DE LEON', '1', 0, 0),
(1338, '', 354, '156', 'MONICA ORTIZ MOLINA', '0', 0, 0),
(1339, '', 355, '156', 'OLIVIA RODRIGUEZ REYES', '1', 8, 2),
(1340, '', 355, '156', 'AMPARO PALOMO RODRIGUEZ', '0', 8, 4),
(1341, '', 355, '156', 'GABRIELA ROSALES GARCIA', '0', 5, 3),
(1342, '', 356, '156', 'MARIA DE LOURDES SAUCEDO IBARRA', '0', 0, 0),
(1343, '', 356, '156', 'JUANA MARIA SALAZAR CUEVAS', '1', 0, 0),
(1344, '', 356, '156', 'MARIA AZUCENA RAMOS GARCIA', '0', 0, 0),
(1345, '', 356, '156', 'MA DE JESUS ALCARAZ HERNANDEZ', '1', 0, 0),
(1346, '', 357, '156', 'ALEJANDRA MONTAÑEZ SALAS', '1', 0, 0),
(1347, '', 357, '156', 'JOANA GUADALUPE SALAS RAMIREZ', '0', 0, 0),
(1348, '', 357, '156', 'SONIA LOPEZ NIEVES', '0', 0, 0),
(1349, '', 357, '156', 'JOSE ALEJANDRO GIL GARCIA', '1', 0, 0),
(1350, '', 357, '156', 'MIGUEL LOPEZ ISAIS', '1', 0, 0),
(1351, '', 358, '156', 'SANDRA LUCIA PEREZ ROMO', '1', 0, 0),
(1352, '', 358, '156', 'LETICIA CORDERO MEDINA', '1', 7, 2),
(1353, '', 358, '156', 'SALVADOR TORRES CUEVAS', '1', 0, 0),
(1354, '', 359, '156', 'MARIA ELIZABETH GARCIA MUÑOZ', '1', 6, 5),
(1355, '', 359, '156', 'HUMBERTO ADAN BERUMEN RODRIGUEZ', '1', 7, 3),
(1356, '', 359, '156', 'WENDI ANEL LOPEZ MARTINEZ', '1', 8, 2),
(1357, '', 359, '156', 'OZIEL ALEJANDRO ALVARO DE LIRA', '0', 8, 0),
(1358, '', 360, '156', 'BASILIZA DE LA ROSA MARTINEZ', '1', 1, 0),
(1359, '', 361, '156', 'RAQUEL SALAS VAZQUEZ', '1', 0, 0),
(1360, '', 361, '156', 'TERESA MUÑOZ ROMERO', '1', 17, 0),
(1361, '', 361, '156', 'REFUGIO GARCIA GAMEZ', '1', 5, 1),
(1362, '', 361, '156', 'ROSA ELIZABETH REYES GOMEZ', '0', 7, 2),
(1363, '', 362, '156', 'IRMA ALVARADO BAYONA', '0', 11, 0),
(1364, '', 362, '156', 'SARA RUIZ SILVA', '0', 0, 0),
(1365, '', 362, '156', 'ANA MARIA TORRES VEGA', '0', 46, 3),
(1366, '', 362, '156', 'JUANA DE LA ROSA DUEÑAS', '1', 0, 0),
(1367, '', 363, '156', 'MARIA DEL CARMEN PEREZ AGUILAR', '0', 5, 1),
(1368, '', 363, '156', 'MA DE LOURDES MACIAS CHAVEZ', '1', 6, 1),
(1369, '', 363, '156', 'MARIA SOFIA GUARDIOLA RODRIGUEZ', '0', 5, 0),
(1370, '', 363, '156', 'ROGELIO RODRIGUEZ FLORES', '0', 10, 2),
(1371, '', 363, '156', 'MA TERESA DE JESUS CASILLAS ESPARZA', '1', 9, 3),
(1372, '', 363, '156', 'ESTHER DIAZ DE LEON DIAZ', '0', 8, 1),
(1373, '', 363, '156', 'AMELIA CARDONA RAMOS', '1', 10, 1),
(1374, '', 364, '156', 'ELIZABETH BETANCOURT ESTRADA', '0', 7, 3),
(1375, '', 364, '156', 'JUDITH VALENCIA LARA', '1', 0, 0),
(1376, '', 364, '156', 'KAREN JUDITH NUÑEZ ESPARZA', '0', 10, 5),
(1377, '', 364, '156', 'LAURA ELENA ESTRADA REYES', '1', 0, 0),
(1378, '', 365, '156', 'ALEJANDRA CORTEZ RODRIGUEZ', '0', 25, 4),
(1379, '', 365, '156', 'ERNESTO ROMAN GARCIA CAMPOS', '1', 3, 0),
(1380, '', 365, '156', 'OSCAR HUGO ESQUEDA RICO', '0', 2, 1),
(1381, '', 365, '156', 'CECILIA DEL ROCIO MORALES ALBA', '0', 0, 0),
(1382, '', 365, '156', 'MARGARITA ALBA RIVERA', '1', 9, 0),
(1383, '', 365, '156', 'PATRICIA CRUZ ANDRADE', '1', 5, 0),
(1384, '', 365, '156', 'GABRIELA GARCIA CAMPOS', '1', 11, 3),
(1385, '', 366, '156', 'CARMEN LILIA RODRIGUEZ GONZALEZ', '1', 7, 3),
(1386, '', 366, '156', 'JESUS VARGAS HUIZAR', '1', 7, 0),
(1387, '', 366, '156', 'JUANA MA ALBA TORRES', '0', 11, 0),
(1388, '', 366, '156', 'LUCIA MARGARITA GONZALEZ SANCHEZ', '1', 5, 3),
(1389, '', 367, '156', 'MA DOLORES CONTRERAS FLORES', '0', 8, 1),
(1390, '', 367, '156', 'WENDY DE GUADALUPE BARRERA BECERRA', '1', 0, 0),
(1391, '', 367, '156', 'JACOBO DE JESUS BARRERA ROMAN', '0', 4, 0),
(1392, '', 368, '156', 'SANDRA PATRICIA MARTINEZ ROQUE', '0', 11, 2),
(1393, '', 368, '156', 'STEPHANIE GUADALUPE ORNELAS DE LARA', '0', 0, 0),
(1394, '', 368, '156', 'CARLOS ALBERTO ORTEGA MONTES', '1', 0, 0),
(1395, '', 368, '156', 'MIGUEL VAZQUEZ LOPEZ', '1', 13, 1),
(1396, '', 369, '156', 'VERONICA MAGDALENA RODRIGUEZ GONZALEZ', '0', 6, 1),
(1397, '', 369, '156', 'IRENE AGUILAR MARTINEZ', '1', 3, 2),
(1398, '', 369, '156', 'MA COCEPCION MORENO BARCENAS', '1', 7, 3),
(1399, '', 370, '156', 'IRENE HERNANDEZ SABAS', '0', 4, 1),
(1400, '', 370, '156', 'HENSSY GUADALUPE BRIONES CASTRO', '1', 7, 1),
(1401, '', 370, '156', 'LILIANA ESMERALDA SANCHEZ CRUZ', '0', 6, 4),
(1402, '', 370, '156', 'JUANA ISABEL GARCIA MEDINA', '0', 13, 2),
(1403, '', 371, '156', 'TERESA MUÑOZ LOPEZ', '1', 3, 0),
(1404, '', 112, '156', 'CARLOS ISRAEL CAJERO MARTINEZ', '1', 0, 0),
(1405, '', 371, '156', 'MARIA DE LA LUZ HERRERA QUIÑONES', '0', 1, 0),
(1406, '', 372, '156', 'JONATHAN OMAR HERNANDEZ ADAME', '0', 4, 1),
(1407, '', 372, '156', 'MA DEL REFUGIO RIOS HERRERA', '1', 5, 1),
(1408, '', 372, '156', 'OLGA PATRICIA MARTINEZ RAMIREZ', '1', 3, 1),
(1409, '', 372, '156', 'ANA MARIA MACIAS DIAZ', '1', 8, 3),
(1410, '', 373, '156', 'CELIA MONTALVO VEGA', '1', 0, 0),
(1411, '', 373, '156', 'DULCE MARIANET REYES DURON', '1', 0, 0),
(1412, '', 373, '156', 'MARIA IGNACIA ROQUE LOZANO', '0', 0, 0),
(1413, '', 373, '156', 'MARIA DEL ROSARIO DELGADO ARRIAGA', '0', 0, 0),
(1414, '', 374, '156', 'MA DOLORES GARZA GONZALEZ', '1', 7, 2),
(1415, '', 374, '156', 'MIGUEL ANAYA MARTINEZ', '1', 7, 3),
(1416, '', 374, '156', 'DEISY JEANETTE RODRIGUEZ LOPEZ', '0', 1, 0),
(1417, '', 374, '156', 'JORGE IVAN MARTINEZ RUIZ', '0', 6, 1),
(1418, '', 375, '156', 'MARIA GUADALUPE SANTIAGO URIBE', '1', 0, 0),
(1419, '', 375, '156', 'CECILIA GARCIA SANDOVAL', '1', 0, 0),
(1420, '', 375, '156', 'JUANA CAMPOS HERNANDEZ', '1', 1, 0),
(1421, '', 376, '156', 'YOLANDA DE LA PAZ ORTEGA', '0', 2, 0),
(1422, '', 376, '156', 'ANGELINA REYES ESPARZA', '0', 0, 0),
(1423, '', 376, '156', 'WENDI YAZMIN GONZALEZ SANCHEZ', '1', 4, 2),
(1424, '', 377, '156', 'BERNARDA LOPEZ ISAIS', '1', 7, 0),
(1425, '', 377, '156', 'FRANCISCO JAVIER CASTRO LOPEZ', '1', 0, 0),
(1426, '', 377, '156', 'DELIA GARCIA MORALES', '1', 8, 3),
(1427, '', 378, '156', 'GUADALUPE ANGELICA DELGADO MEDINA', '1', 7, 3),
(1428, '', 378, '156', 'JORGE ALEJANDRO ADAME LIRA', '1', 9, 3),
(1429, '', 379, '156', 'MARIA ESPERANZA REQUENES DE LUNA', '1', 7, 3),
(1430, '', 379, '156', 'MA LUISA REYES TORRES', '1', 10, 6),
(1431, '', 379, '156', 'GERARDO GONZALEZ CUELLAR', '1', 9, 4),
(1432, '', 379, '156', 'MARGARITA GARCIA NUÑEZ', '1', 9, 8),
(1433, '', 380, '156', 'LAZARO BANJAMIN GARCIA MUÑOZ', '1', 8, 3),
(1434, '', 380, '156', 'JORGE GARCIA ALBA', '1', 9, 4),
(1435, '', 380, '156', 'MA DEL ROSARIO RODRIGUEZ PRIETO', '1', 5, 0),
(1436, '', 380, '156', 'ARACELI VALADEZ VALADEZ', '0', 15, 4),
(1437, '', 381, '156', 'ANGELICA DELGADO ESPARZA', '0', 11, 0),
(1438, '', 381, '156', 'MARIA DEL ROSARIO ARGANDOÑA MURILLO', '0', 25, 5),
(1439, '', 381, '156', 'DULCE GUADALUPE NUÑEZ', '0', 8, 4),
(1440, '', 381, '156', 'MA DEL CARMEN ROBLES TAVERA', '0', 3, 0),
(1441, '', 381, '156', 'JAZMIN ELIZABETH LOPEZ SANDOVAL', '1', 3, 1),
(1442, '', 382, '156', 'ROSALVA FLORES LOERA', '0', 7, 0),
(1443, '', 382, '156', 'LILIANA SANCHEZ', '1', 0, 0),
(1444, '', 382, '156', 'FLOR ADRIANA PACHECO SANCHEZ', '1', 4, 1),
(1445, '', 382, '156', 'FLORENCIO PACHECO SANCHEZ', '1', 5, 1),
(1446, '', 382, '156', 'MARIA MAGDALENA ESPARZA DE LOERA', '0', 8, 0),
(1447, '', 383, '156', 'MARINA PEREZ DURAN', '1', 0, 0),
(1448, '', 383, '156', 'MARIA LORENZA SALAS PALOS', '0', 10, 4),
(1449, '', 384, '156', 'MARTHA EUGENIA DE LIRA REYES', '1', 0, 0),
(1450, '', 385, '156', 'RAUL ESPARZA SANCHEZ', '1', 1, 1),
(1451, '', 386, '156', 'MARTINA DE CRUZ ESPINOZA CAMPOS', '1', 5, 2),
(1452, '', 386, '156', 'CRESCENCIO MARTINEZ GARCIA', '0', 7, 2),
(1453, '', 386, '156', 'GLADIS IVON PAEZ REQUENES', '0', 5, 2),
(1454, '', 386, '156', 'SERGIO DAVID GALLARDO', '1', 4, 0),
(1455, '', 387, '156', 'CARLOS ELIGIO CAMPOS ROSAS', '1', 7, 0),
(1456, '', 387, '156', 'IRENE RAMIREZ FRANCO', '0', 9, 2),
(1457, '', 387, '156', 'CHRISTOPER ALEJANDRO VARGAS RODRIGUEZ', '1', 6, 0),
(1458, '', 387, '156', 'VERONICA VARGAS RODRIGUEZ', '1', 6, 0),
(1459, '', 388, '156', 'ERNESTO GUERRERO CASTAÑEDA', '0', 0, 0),
(1460, '', 388, '156', 'KAREN GUADALUPE BRISEÑO UBARIO', '1', 6, 0),
(1461, '', 388, '156', 'MARIA GUADALUPE CASTAÑEDA MARTINEZ', '0', 8, 0),
(1462, '', 389, '156', 'EFRAIN SOTO HERRADA', '1', 0, 0),
(1463, '', 389, '156', 'BRENDA SAUCEDO PASILLAS', '0', 7, 1),
(1464, '', 389, '156', 'MA TERESA TORRES PEREZ', '0', 9, 6),
(1465, '', 389, '156', 'ISABEL CARRILLO HINOJO', '1', 8, 4),
(1466, '', 390, '156', 'GERARDO VALADEZ SOTO', '0', 0, 0),
(1467, '', 390, '156', 'DEISSY REYES FLORES', '0', 8, 2),
(1468, '', 390, '156', 'ROSA MARIA IBARRA RAMIREZ', '0', 3, 0),
(1469, '', 390, '165', 'VIRGINIA BARCENA NAVARRO', '0', 8, 0),
(1470, '', 391, '156', 'ELIDA BELTRAN CHAVEZ', '1', 9, 1),
(1471, '', 391, '156', 'SILVIA ESPARZA REYES', '1', 10, 4),
(1472, '', 391, '156', 'ANGELICA IVONNE RUVALCABA REYES', '0', 4, 1),
(1473, '', 391, '156', 'LESLIE MAGALY HERNANDEZ SANCHEZ', '0', 7, 3),
(1474, '', 392, '156', 'VERONICA REBELES', '1', 0, 0),
(1475, '', 392, '156', 'VICTORIA ALLENDE ROMERO', '0', 8, 2),
(1476, '', 393, '156', 'ELOISA GARCIA MARTINEZ', '1', 13, 9),
(1477, '', 393, '156', 'JUAN JOSE PALOS MARTINEZ', '0', 4, 1),
(1478, '', 393, '156', 'TERESA DE JESUS MENDEZ CERVANTES', '0', 4, 1),
(1479, '', 393, '156', 'ADRIANA LUGO FLORES', '1', 7, 4),
(1480, '', 393, '156', 'LUIS ANTONIO MENDEZ CERVANTES', '0', 8, 4),
(1481, '', 394, '156', 'MAYRA JANETH TORRES DE ALBA', '1', 5, 0),
(1482, '', 394, '156', 'MA DE LA LUZ UBARIO DELGADO', '1', 5, 1),
(1483, '', 394, '156', 'LUZ ISABEL DE ALBA', '1', 6, 0),
(1484, '', 394, '156', 'MIRNA ELIZABETH CERVANTES MARES', '0', 5, 0),
(1485, '', 395, '156', 'JUANA ISAAC HERRADA', '1', 1, 0),
(1486, '', 395, '156', 'MARTHA RODRIGUEZ LOPEZ', '0', 11, 1),
(1487, '', 395, '156', 'KAREN GUADALUPE RODRIGUEZ ISAAC', '0', 6, 0),
(1488, '', 395, '156', 'CHRISTIAN IVAN MIRELES RODRIGUEZ', '0', 4, 4),
(1489, '', 396, '156', 'CRUZ PAMELA AMADOR MORENO', '0', 0, 0),
(1490, '', 396, '156', 'DULCE CONCEPCION MARMOLEJO MARIN', '0', 0, 0),
(1491, '', 396, '156', 'JORGE LUIS MORA SOLIS', '0', 0, 0),
(1492, '', 396, '156', 'ZOBEIDA ALEJANDRA MORA SOLIS', '0', 5, 1),
(1493, '', 397, '156', 'MARISELA MENDEZ CERVANTES', '0', 6, 2),
(1494, '', 397, '156', 'MARICRUZ ELIZABETH LOPEZ RAMIREZ', '0', 5, 2),
(1495, '', 397, '156', 'CARLOS GERARDO GOMEZ CARMONA', '1', 5, 2),
(1496, '', 397, '156', 'PATRICIA GONZALEZ ROMO', '0', 12, 7),
(1497, '', 398, '156', 'LUIS ANGEL FAJARDO CERRITOS', '0', 1, 0),
(1498, '', 398, '156', 'MARCO ANTONIO MARTINEZ LOPEZ', '0', 7, 4),
(1499, '', 398, '156', 'ROBERTO CHAVEZ GUZMAN', '1', 2, 1),
(1500, '', 398, '156', 'ILSE ESTEFANIA GONZALEZ SANCHEZ', '1', 0, 0),
(1501, '', 399, '156', 'ERNESTO DE JESUS MARTINEZ GOMEZ', '0', 0, 0),
(1502, '', 399, '156', 'MA DE LOURDES CASTAÑEDA ORTIZ', '1', 6, 2),
(1503, '', 399, '156', 'IGNACIO MEDINA CASILLAS', '0', 2, 0),
(1504, '', 400, '156', 'JOSE ROBERTO IBARRA CRUZ', '0', 7, 0),
(1505, '', 400, '156', 'JOSEFINA MURO MEZA', '1', 2, 0),
(1506, '', 400, '156', 'CHARLIE SALAS HERNANDEZ', '0', 1, 0),
(1507, '', 401, '156', 'JOSE DE JESUS CARRILLO CASILLAS', '0', 3, 0),
(1508, '', 401, '156', 'MARTHA ESMERALDA ORTIZ IBARRA', '0', 10, 0),
(1509, '', 401, '156', 'GLORIA ESMERALDA ESPARZA ORTIZ', '0', 1, 0),
(1510, '', 402, '156', 'BRENDA ELIZABETH MEDINA HERNANDEZ', '0', 3, 1),
(1511, '', 402, '156', 'MARTHA ELENA REYES RODRIGUEZ', '0', 0, 0),
(1512, '', 402, '156', 'BEATRIZ MARTINEZ REYES', '1', 0, 0),
(1513, '', 402, '156', 'CLAUDIA MEDINA HERNANDEZ', '0', 0, 0),
(1514, '', 403, '156', 'NANCY AZARET PEREZ GUZMAN', '0', 0, 0),
(1515, '', 403, '156', 'GUADALUPE CHIQUITO ARANDA', '1', 12, 4),
(1516, '', 403, '156', 'MA ISABEL LOPEZ GONZALEZ', '0', 0, 0),
(1517, '', 403, '156', 'LETICIA MARTINEZ RODRIGEZ', '0', 1, 0),
(1518, '', 404, '156', 'SILVIA CAMPOS ACOSTA', '1', 1, 0),
(1519, '', 404, '156', 'IMELDA GOMEZ SAUCEDO', '1', 0, 0),
(1520, '', 404, '156', 'MARIA MAGDALENA SANCHEZ SEGURA', '1', 11, 6),
(1521, '', 404, '156', 'ERNESTO SANCHEZ URBIZO', '1', 0, 0),
(1522, '', 405, '156', 'MA DE JESUS GUERRERO MARTINEZ', '1', 3, 0),
(1523, '', 405, '156', 'JOSE ANTONIO LAZARIN REBELES', '0', 10, 5),
(1524, '', 405, '156', 'MARIA LETICIA GUZMAN MACIAS', '1', 6, 2),
(1525, '', 405, '156', 'LUZ ELENA TOVAR MOTA', '1', 6, 1),
(1526, '', 406, '156', 'MA DEL SOCORRO COLLAZO GONZALEZ', '1', 10, 6),
(1527, '', 406, '156', 'OSCAR MARTIN CARDENAS SANCHEZ', '0', 8, 6),
(1528, '', 406, '156', 'CESAR URIEL CARDENAS SANCHEZ', '0', 8, 1),
(1529, '', 406, '156', 'JUANA SANCHEZ RODRIGUEZ', '0', 7, 1),
(1530, '', 406, '156', 'MARIO ALBERTO RAMIREZ SANCHEZ', '0', 4, 1),
(1531, '', 407, '156', 'RAMON TORRES PEREZ', '1', 6, 3),
(1532, '', 407, '156', 'CRESENCIA PEREZ LUEVANO', '1', 2, 0),
(1533, '', 407, '156', 'JOSE ANTONIO MARTINEZ MUÑOZ', '0', 0, 0),
(1534, '', 407, '156', 'JUAN JOSE DE ALBA TORRES', '0', 8, 4),
(1535, '', 409, '156', 'LUIS ALBERTO CORNEJO ONTIVEROS', '0', 10, 6),
(1536, '', 409, '156', 'MIGUEL DIEGO GONZALEZ FLORES', '0', 7, 5),
(1537, '', 410, '156', 'MARIANA GUADALUPE RIOS SANCHEZ', '0', 6, 1),
(1538, '', 411, '156', 'ALMA GUADALUPE TERAN DE LA CRUZ', '1', 5, 0),
(1539, '', 411, '156', 'LORENA KARINA GONZALEZ VALENCIA', '0', 0, 0),
(1540, '', 414, '156', 'VERONICA GONZALEZ ELIZONDO', '0', 10, 8),
(1541, '', 414, '156', 'ANA YANCIN MACIAS MARTINEZ', '0', 9, 3),
(1542, '', 414, '156', 'HORTENSIA SOSA GUTIERREZ', '1', 10, 7),
(1543, '', 414, '156', 'HORTENCIA CALDERON MARTINEZ', '0', 7, 3),
(1544, '', 414, '156', 'MARTHA CASTRO CAMPOS', '1', 5, 5),
(1545, '', 414, '156', 'FRANCISCO JAVIER NIETO FIGUEROA', '1', 2, 2),
(1546, '', 414, '156', 'GRICELDA MACHUCA CHAVEZ', '1', 5, 3),
(1547, '', 414, '156', 'JULIA ESTHELA ROQUE VALDEZ', '1', 10, 4),
(1548, '', 414, '156', 'GABRIELA NAVARRO GRANADOS', '1', 9, 7),
(1549, '', 414, '156', 'LETICIA CEDILLO SALAZAR', '1', 21, 2),
(1550, '', 414, '156', 'NORMA GONZALEZ ELIZONDO', '0', 10, 3),
(1551, '', 414, '157', 'LORENZA ROQUE ROQUE', '1', 0, 0);

-- --------------------------------------------------------

--
-- Estructura de tabla para la tabla `resp_seccion`
--

CREATE TABLE IF NOT EXISTS `resp_seccion` (
  `id_resp_seccion` int(11) NOT NULL AUTO_INCREMENT,
  `folio` varchar(6) NOT NULL,
  `seccion` varchar(3) NOT NULL,
  `resp_seccion` varchar(60) NOT NULL,
  `voto` int(1) NOT NULL,
  `id_resp_zona` int(11) NOT NULL,
  PRIMARY KEY (`id_resp_seccion`),
  UNIQUE KEY `resp_seccion` (`resp_seccion`)
) ENGINE=MyISAM  DEFAULT CHARSET=latin1 AUTO_INCREMENT=39 ;

--
-- Volcar la base de datos para la tabla `resp_seccion`
--

INSERT INTO `resp_seccion` (`id_resp_seccion`, `folio`, `seccion`, `resp_seccion`, `voto`, `id_resp_zona`) VALUES
(1, '', '', 'MA CONCEPCION LOPEZ HERNANDEZ', 1, 1),
(2, '', '', 'MARIA CONCEPCION RIVERA RANGEL', 0, 1),
(3, '', '', 'ALICIA ESTHER DE LA ROSA ARANDA', 0, 1),
(4, '', '', 'LAURA RIVERA SANCHEZ', 0, 1),
(5, '', '', 'LUANA MORENO PINEDA', 0, 1),
(6, '', '', 'ADRIANA SILVA JIMENEZ', 0, 1),
(7, '', '', 'MA ISABEL DELGADO MARTINEZ', 0, 1),
(8, '', '', 'ANGELA HERNANDEZ GONZALEZ', 0, 1),
(9, '', '', 'VERONICA PEDROZA HERNANDEZ', 0, 1),
(10, '', '', 'MA DE LOS ANGELES TORRES GUERRERO', 0, 1),
(11, '', '', 'YOLANDA RODRIGUEZ FLORES', 0, 1),
(12, '', '', 'MA ELENA AMEZQUITA GUTIERREZ', 0, 2),
(13, '', '', 'MARIA DEL SOCORRO RIVERA AZPEITIA', 0, 3),
(14, '', '', 'ARACELI GUADALUPE PEREZ PEREZ', 0, 3),
(15, '', '', 'SONIA BERENICE SANCHEZ BRECEDA', 0, 4),
(16, '', '', 'ALMA CONSUELO TIRADO PADILLA', 0, 4),
(17, '', '', 'MARIA HORTENCIA RODRIGUEZ ZUNIGA', 0, 4),
(18, '', '', 'MA EDUVIGIS ACEVES TELLEZ', 0, 4),
(19, '', '', 'ELVIRA VALDERRAMA ESPARZA', 0, 4),
(20, '', '', 'MARIA DOLORES VASQUEZ ZARATE', 0, 5),
(21, '', '', 'MA DEL ROSARIO GALLEGOS JUAREZ', 0, 5),
(22, '', '', 'MARTHA PATRICIA FUENTES TAPIA', 0, 5),
(23, '', '', 'MARGARITA ESTRADA MARTINEZ', 0, 5),
(24, '', '', 'MANUELA SILVA CRUZ', 0, 6),
(25, '', '', 'RAMON ENCISO RAMOS', 0, 6),
(26, '', '', 'NORMA OLIVIA VALLIN CARRILLO', 0, 6),
(27, '', '', 'ARMANDO ELEUTERIO ROSALES HERNANDEZ', 0, 6),
(28, '', '', 'MA GUADALUPE CHAVEZ FLORES', 0, 7),
(29, '', '', 'JOSE ANTONIO BONILLA AZUA', 0, 7),
(30, '', '', 'MANUELA DE AVILA GARCIA', 0, 8),
(31, '', '', 'OFELIA GARCIA ARANDA', 0, 8),
(32, '', '', 'ROSALINDA RODRIGUEZ AGUILA', 0, 8),
(33, '', '', 'ROSA MARCELA RAMIREZ AGUILERA', 0, 8),
(34, '', '', 'ROSALVA CAMPOS CALDERA', 0, 9),
(35, '', '', 'MA DEL ROSARIO SANDOVAL CASTANEDA', 0, 9),
(36, '', '', 'JOSE MATILDE FIERRO LOPEZ', 0, 9),
(37, '', '', 'ANGELES MARIA ELENA BORJA PICHARDO', 0, 9),
(38, '', '', 'JOSE LUIS RIVERO NARES', 0, 9);

-- --------------------------------------------------------

--
-- Estructura de tabla para la tabla `resp_zona`
--

CREATE TABLE IF NOT EXISTS `resp_zona` (
  `id_resp_zona` int(11) NOT NULL AUTO_INCREMENT,
  `folio` varchar(6) NOT NULL,
  `seccion` varchar(3) NOT NULL,
  `resp_zona` varchar(60) NOT NULL,
  `voto` int(1) NOT NULL,
  `id_coord` int(11) NOT NULL,
  PRIMARY KEY (`id_resp_zona`),
  UNIQUE KEY `resp_zona` (`resp_zona`)
) ENGINE=MyISAM  DEFAULT CHARSET=latin1 AUTO_INCREMENT=10 ;

--
-- Volcar la base de datos para la tabla `resp_zona`
--

INSERT INTO `resp_zona` (`id_resp_zona`, `folio`, `seccion`, `resp_zona`, `voto`, `id_coord`) VALUES
(1, '', '156', 'RUBEN HERNANDEZ ZUNIGA', 1, 1),
(2, '', '', 'LUCERO ANGELICA MONTES HOLGUIN', 1, 1),
(3, '', '', 'JORGE LUIS MACIAS HERNANDEZ', 0, 1),
(4, '', '', 'JUAN CARLOS MOJARRO AVILA', 0, 1),
(5, '', '', 'CESAR DURON DE LUNA', 0, 1),
(6, '', '', 'JOSE MARTIN DELGADO GARCIA', 0, 1),
(7, '', '', 'JULIO CESAR VALDEZ PULIDO', 0, 1),
(8, '', '', 'KARLA YAJAIRA MOJARRO AVILA', 0, 1),
(9, '', '', 'JOSE HUGO ACOSTA ZUNIGA', 0, 1);

-- --------------------------------------------------------

--
-- Estructura de tabla para la tabla `users`
--

CREATE TABLE IF NOT EXISTS `users` (
  `id` int(11) NOT NULL AUTO_INCREMENT,
  `nombre` varchar(50) NOT NULL,
  `apellido` varchar(50) NOT NULL,
  `usuario` varchar(25) NOT NULL,
  `email_address` varchar(50) NOT NULL,
  `password` varchar(128) NOT NULL,
  `fecha_creacion` date NOT NULL,
  `fecha_ult_acceso` timestamp NOT NULL DEFAULT '0000-00-00 00:00:00',
  `grupo` varchar(13) NOT NULL,
  `sucursal` varchar(50) NOT NULL,
  PRIMARY KEY (`id`)
) ENGINE=MyISAM  DEFAULT CHARSET=latin1 COMMENT='Usuarios Miembros del Sistema' AUTO_INCREMENT=6 ;

--
-- Volcar la base de datos para la tabla `users`
--

INSERT INTO `users` (`id`, `nombre`, `apellido`, `usuario`, `email_address`, `password`, `fecha_creacion`, `fecha_ult_acceso`, `grupo`, `sucursal`) VALUES
(4, 'Luis Gabriel', 'Villasenor Alarcon', 'luis.villasenor', 'luisvillasenor@yahoo.com', '7c222fb2927d828af22f592134e8932480637c0d', '2013-06-04', '2013-07-29 10:33:12', 'administrador', ''),
(5, 'Capturista', '', 'captura', 'captura@captura.com', '2f96deee58dae83ace6ecdf1a6a0c31233e0bc7b', '2013-07-29', '2013-11-25 15:19:50', 'administrador', 'dto14');

/*!40101 SET CHARACTER_SET_CLIENT=@OLD_CHARACTER_SET_CLIENT */;
/*!40101 SET CHARACTER_SET_RESULTS=@OLD_CHARACTER_SET_RESULTS */;
/*!40101 SET COLLATION_CONNECTION=@OLD_COLLATION_CONNECTION */;
